id,claim_id,oracle,artifact,unit_id,extent_start,extent_size,location,evidence_class,result,tool,command,input_sha256,output_sha256,observed_utc,notes
ev-bootstrap-th03-op-target-identity,,target-identity,th03-op,,,,.analysis/th03-target-check.json,target,pass,headless-target-database-attestation,python3 scripts/verify_targets.py --game th03 --json,d7bfa7f1f8afe0943763ce76437d12ed412b8452716dd64f937c94796eba57ab,1909d41881b7e9a8ed6b052d650755f1f6920f29e46deffd1ee4e8608fb07bd6,2026-10-05T05:03:46Z,Local observed identity/database only; zero source or exactness credit.
ev-bootstrap-th03-op-ghidra-mz-database,,ghidra-mz-database,th03-op,,,,.analysis/ghidra/database-attestations/th03-op.json,target-analysis,pass,headless-target-database-attestation,python3 scripts/ghidra.py th03-op check,d7bfa7f1f8afe0943763ce76437d12ed412b8452716dd64f937c94796eba57ab,d76b38d194b23a6c70d146e68684d97a375772864f754ac6329b5a531ac88f39,2026-10-05T05:03:46Z,Local observed identity/database only; zero source or exactness credit.
ev-bootstrap-th03-main-target-identity,,target-identity,th03-main,,,,.analysis/th03-target-check.json,target,pass,headless-target-database-attestation,python3 scripts/verify_targets.py --game th03 --json,f41fde47ea36bf4d985ff9127b67fe93d5ecb58cc36e7cffab86959db7f2ce6b,1909d41881b7e9a8ed6b052d650755f1f6920f29e46deffd1ee4e8608fb07bd6,2026-10-05T05:03:46Z,Local observed identity/database only; zero source or exactness credit.
ev-bootstrap-th03-main-ghidra-mz-database,,ghidra-mz-database,th03-main,,,,.analysis/ghidra/database-attestations/th03-main.json,target-analysis,pass,headless-target-database-attestation,python3 scripts/ghidra.py th03-main check,f41fde47ea36bf4d985ff9127b67fe93d5ecb58cc36e7cffab86959db7f2ce6b,a99e99bc3e04ca4bc2156cdc687e8dd085113f2353c7086bae79d21fdac4eba7,2026-10-05T05:03:46Z,Local observed identity/database only; zero source or exactness credit.
ev-bootstrap-th03-mainl-target-identity,,target-identity,th03-mainl,,,,.analysis/th03-target-check.json,target,pass,headless-target-database-attestation,python3 scripts/verify_targets.py --game th03 --json,5b613023b4ae021794ff778871a732e7af0d0457ccdb3613e3458f2a609e466c,1909d41881b7e9a8ed6b052d650755f1f6920f29e46deffd1ee4e8608fb07bd6,2026-10-05T05:03:46Z,Local observed identity/database only; zero source or exactness credit.
ev-bootstrap-th03-mainl-ghidra-mz-database,,ghidra-mz-database,th03-mainl,,,,.analysis/ghidra/database-attestations/th03-mainl.json,target-analysis,pass,headless-target-database-attestation,python3 scripts/ghidra.py th03-mainl check,5b613023b4ae021794ff778871a732e7af0d0457ccdb3613e3458f2a609e466c,46344c26d182b02f9bac74e9153a951fba70c6172cfcc9a44843cb1a852840de,2026-10-05T05:03:46Z,Local observed identity/database only; zero source or exactness credit.
ev-bootstrap-th03-zun-target-identity,,target-identity,th03-zun,,,,.analysis/th03-target-check.json,target,pass,headless-target-database-attestation,python3 scripts/verify_targets.py --game th03 --json,5896bbd673aeb10f0df9c1e34716c64fda83655a788ae1ac0fcf58e3616add27,1909d41881b7e9a8ed6b052d650755f1f6920f29e46deffd1ee4e8608fb07bd6,2026-10-05T05:03:46Z,Local observed identity/database only; zero source or exactness credit.
ev-bootstrap-th03-zun-ghidra-mz-database,,ghidra-mz-database,th03-zun,,,,.analysis/ghidra/database-attestations/th03-zun.json,target-analysis,pass,headless-target-database-attestation,python3 scripts/ghidra.py th03-zun check,5896bbd673aeb10f0df9c1e34716c64fda83655a788ae1ac0fcf58e3616add27,9b5ba44771ed2b145bbda14f9b8f4f52fb47cae1f34dd0e980bed9be83576521,2026-10-05T05:03:46Z,Local observed identity/database only; zero source or exactness credit.
ev-bootstrap-toolchain-identity,,toolchain-identity,,,,,.analysis/toolchain/attestation.json,compiler,pass,headless-pinned-tool-attestation,python3 scripts/attest_toolchain.py,abca6f4cca79a1f5be1c683546db05a8420b7ee3c635524d6c1eb9ef48b9d0cd,8fdd5d123d62e7167d29303c60fbf610b3539d09a25fb608de3bd36f1a7c2952,2026-10-05T05:03:46Z,Tool availability only; no unit or product exactness follows.
ev-bootstrap-analysis-toolchain-identity,,analysis-toolchain-identity,,,,,.analysis/ghidra/toolchain-attestation.json,compiler,pass,headless-pinned-tool-attestation,python3 scripts/attest_analysis_toolchain.py,6e577918a91327ea871e1bfe7d3124310d2d22aa22a56d640502a23f6b6b100c,e9fba30a8b6425346c4dd07f671ec54d3fd92ded9aa61b23e93bf24de57d896f,2026-10-05T05:03:46Z,Tool availability only; no unit or product exactness follows.
