path,sha256,kind,artifacts,direct_link_artifacts,unresolved_includes,reviewed_code_artifacts,boundary_review_artifacts
Pipeline/common.h,9a7ce83e3c1c9f8fda4df21805e5139365a0a7d78f54255bceb805a6338c96f5,include,th03-zun,,,,
Pipeline/zun_stub.asm,a63c954f520d5c2a506e2451a21f499e0bf3902e08715422152812c5f36fa2a4,translation-unit,th03-zun,th03-zun,,,
Pipeline/zungen.c,96c042c73da99a13cced2134c05deb838334d23c5c223d0b4ea54818a664dfed,translation-unit,th03-zun,th03-zun,,,
ReC98.inc,62ecdf5ac2486f3e8f3134254f85caec436e8b207195781f8f72be9053058246,include,th03-main;th03-mainl;th03-op,,,,
codegen.hpp,89a5070b693f4df7f6cb9203f3447780f5506d6d78434d09aa3068f43243e159,include,th03-main,,,,
decomp.hpp,c443ecbd14bbe88112e37cdf91a03be79206cab40a830d8ce8e206e51e8f95bb,include,th03-main;th03-mainl;th03-op,,,,
defconv.h,1f0a124d3fb5fdf60faec4cefd0658076b8d71b35a23bebea966547766ea001e,include,th03-main;th03-mainl;th03-op;th03-zun,,,,
game/coords.hpp,1187fa0f6638bf73f16de57b432b44ca56e842a9602c1c80985ced81f9bdbca3,include,th03-op,,,,
game/cutscene.hpp,d165419d9639ecce0a022c731e874c08fc1de2d6cf924177611584cae7a52c59,include,th03-mainl,,,,
game/input.hpp,783f3a405966790c767aa4b97e75fe2056a25d3a9a96bf96d32332ea42e3c46e,include,th03-mainl,,,,
game/pf.h,ad69ad21382caf261a3a305215e7eae9ba595a65c1a6d8f7f9ab178c320b4b95,include,th03-main;th03-mainl;th03-op;th03-zun,,,,
libs/kaja/kaja.h,3eb3f8e51c3813f1249a5a18915d5ca6af82cbe94074fc2e076100e970446029,include,th03-main;th03-mainl;th03-op;th03-zun,,,,
libs/kaja/kaja.inc,ae6bb3734914fcc651568f619126a242af3631556073a0bcb42f61bf13d95958,include,th03-main;th03-mainl;th03-op,,,,
libs/master.lib/atan8[data].asm,32fa99e4d17731cca123c8934a875c92866a5ed90aa4b1bbdccf6ee7e40cb724,translation-unit,th03-main;th03-mainl,,,,
libs/master.lib/bcloser.asm,5a345a8e7c1f6a74c97896f0a81e3f5a2ebb19e6250ce550f74682bd85f7244e,translation-unit,th03-main;th03-mainl;th03-op,,,,
libs/master.lib/bfill.asm,a1280f7bcd803d1eea93fed903b2c7ec2cd1963b7ccced5cb6c755d003fdfda4,translation-unit,th03-main;th03-mainl;th03-op,,,,
libs/master.lib/bfnt_entry_pat.asm,c8f5d19c2fc6008b4a8043b888f399724b14359799718fab57bbd6baa99cd413,translation-unit,th03-main;th03-mainl;th03-op,,,,
libs/master.lib/bfnt_extend_header_skip.asm,0afb92514610f1eaef74cd2de21cf91b40b1a8a2530038f3ea32ebc59633ba49,translation-unit,th03-main;th03-mainl;th03-op,,,,
libs/master.lib/bfnt_header_analysis.asm,9cf997fbf19c7c9628cb8a8c3108af0c05aeeefe243319057a595032aa1974a9,translation-unit,th03-main;th03-mainl;th03-op,,,,
libs/master.lib/bfnt_header_read.asm,b9d78de5498b6adb53a86f8833e548d37113bf717db5db542d5ed40501961d65,translation-unit,th03-main;th03-mainl;th03-op,,,,
libs/master.lib/bfnt_id[data].asm,c64cc4bf2c38cac7b80cfff5a3c1edccd0db14ca41534d416492d4e817b0f4bf,translation-unit,th03-main;th03-mainl;th03-op,,,,
libs/master.lib/bfnt_palette_set.asm,e292593490dcfbb9a0f4f0988a5a08224f490a348c209adc2347e02f2ecbcef7,translation-unit,th03-main;th03-mainl;th03-op,,,,
libs/master.lib/bgetc.asm,46e386c45a46eace934bfb1fd37b543d02b58afc616f0dcc7545efa82307a240,translation-unit,th03-main;th03-mainl;th03-op,,,,
libs/master.lib/bgm.inc,070c886cef0b9c70121e81a9c8c99c6b17386da4a8f9dff4c4f8e9348db3636f,include,th03-main;th03-mainl;th03-op,,,,
libs/master.lib/bopenr.asm,f20b08ce2e0174e38e3d97621aabcb3a4d83812d714456485945af044e07674e,translation-unit,th03-main;th03-mainl;th03-op,,,,
libs/master.lib/bread.asm,ebc390de3abd1308a4fdd8be64c7eeca20ffaa8271cc8c0ce3e5b8a8a539d56e,translation-unit,th03-main;th03-mainl;th03-op,,,,
libs/master.lib/bseek.asm,d3d277008ccd2c6c9b1c0d3a43d7a7a9393f706f963affb7fdd596437c5c1b65,translation-unit,th03-main;th03-mainl;th03-op,,,,
libs/master.lib/bseek_.asm,7af87d66044c92482b8374227dde8eb0e67f244109f9687204363a36659885b5,translation-unit,th03-main;th03-mainl;th03-op,,,,
libs/master.lib/clip.inc,334647dfba90c582f2607bb6f6d6565e9e15dce0220ab8acbd1b23e4331b2462,include,th03-main;th03-mainl;th03-op,,,,
libs/master.lib/clip[bss].asm,70a9d992a29548693deb0c623d325dfa83bb2980fb1ae3f6dbb115fe20546eef,translation-unit,th03-main;th03-mainl;th03-op,,,,
libs/master.lib/clip[data].asm,63cfacbc52f9eee28f6733adc0eb029d6ee612245dd6f17a09f4ebef70e6e656,translation-unit,th03-main;th03-mainl;th03-op,,,,
libs/master.lib/cutline.asm,2aa24b7e02859959246ae91e7cee65230bb97e77f7967bd6f662f67b4aba10b4,translation-unit,th03-main,,,,
libs/master.lib/dos_axdx.asm,aa359927f77212353bed030739d3b5f9b947a1eb3b3ec2ca91278774ef8046d3,translation-unit,th03-mainl;th03-op,,,,
libs/master.lib/dos_close.asm,406b7438e25866c50fb3fa3e1897bdd9a8722f0d5d4562672c8a32cf3b72cd1c,translation-unit,th03-main;th03-mainl;th03-op,,,,
libs/master.lib/dos_filesize.asm,a83fbab8da462ab430c569d217d90f35ede41f7d0279fd8c65cb63ad55603cb7,translation-unit,th03-mainl,,,,
libs/master.lib/dos_keyclear.asm,9990b11334e91ac14ee91c89a0fb0cfbabccf8512a144425116c3d2d9406d623,translation-unit,th03-main;th03-mainl;th03-op,,,,
libs/master.lib/dos_puts2.asm,792c712abb39295a61573279e6edb30ae409ebd3ccc07295526b73f55a0bf226,translation-unit,th03-op,,,,
libs/master.lib/dos_ropen.asm,b3f23ab1abae22e03aa31e45b1601db3bc276c684272261398a550181998b1a9,translation-unit,th03-main;th03-mainl;th03-op,,,,
libs/master.lib/dos_ropen[data].asm,a49b4fc258fdd23c3003fb450915b58bbc73d3b81f5fdf439045289881f8baaa,translation-unit,th03-main;th03-mainl;th03-op,,,,
libs/master.lib/dos_setvect.asm,72c7d13cb301fabdfc698581a34d883bb477515cf4713a14ef815a8e7d08537b,translation-unit,th03-main;th03-mainl;th03-op,,,,
libs/master.lib/draw_trapezoid.asm,63ddf9985b043935610c7c89c4defacc1605e900e055a1f43b2606421d44466e,translation-unit,th03-main;th03-op,,,,
libs/master.lib/draw_trapezoid[data].asm,b4648b6033100759d6fc61b1fe0164de0d4c387c76d7b5079ab0925681fc396d,translation-unit,th03-main;th03-op,,,,
libs/master.lib/edges[data].asm,3bdbd15acdedb8eb688c116a8a34d862762345d50acb0f99783ef5f38ab01cb6,translation-unit,th03-main;th03-mainl;th03-op,,,,
libs/master.lib/egc.asm,4f95898cc37b4ca0fa7879b4f36fdbf0663452ef3175703f225bde9a25f00643,translation-unit,th03-main;th03-mainl;th03-op,,,,
libs/master.lib/egc_shift_left_all.asm,88e2b3ec403034326ec67121f438f6befebac0b0061841dd1905154d15ccc24b,translation-unit,th03-op,,,,
libs/master.lib/fil[bss].asm,34e33ee73a66b712bcdb376bbc27c369c59dfbff3ceab28c6ef30aa6dae8a545,translation-unit,th03-main;th03-mainl;th03-op,,,,
libs/master.lib/fil[data].asm,a74c17c2373a2a672c7b441029fe63db93ae6e37b3cad170ef1658506785eae7,translation-unit,th03-main;th03-mainl;th03-op,,,,
libs/master.lib/file_append.asm,0c68713fd2677e8098b5e52332858a4a3d13703500f72bd8a72d321250a90fd9,translation-unit,th03-mainl;th03-op,,,,
libs/master.lib/file_close.asm,6683a73f10045ed8885962763c92675d73f690c277b3de45168a914c0ab690ed,translation-unit,th03-main;th03-mainl;th03-op,,,,
libs/master.lib/file_create.asm,be8bf713d07814d2e7443a118b1758a7f2a8683dbb8c992052c7aaf4a5961330,translation-unit,th03-mainl;th03-op,,,,
libs/master.lib/file_exist.asm,82d8b541b6cb72ca1f52cf01369607f5b47375f302848258e0a9a975b92b5ec2,translation-unit,th03-mainl;th03-op,,,,
libs/master.lib/file_read.asm,a1cade5ba6d3c49f876df11dd94386004508a6e63bc764c4966e88c08f127a31,translation-unit,th03-main;th03-mainl;th03-op,,,,
libs/master.lib/file_ropen.asm,77259b5a6cb915d6376df836101a0655152cea0166bbc4570dfb0cdd792bf8dc,translation-unit,th03-main;th03-mainl;th03-op,,,,
libs/master.lib/file_seek.asm,4f1d8a008f0fe6f8caa28024ef5efa08d2d8fd0b6d3c4ddd9f47747af9e3a5a3,translation-unit,th03-mainl;th03-op,,,,
libs/master.lib/file_size.asm,3f42aadaf3f7030b87e69cd0e9d437f63eff98a0ce41d7c360a5074439a53f6a,translation-unit,th03-mainl,,,,
libs/master.lib/file_write.asm,77dbd982aaec0e724a5b3e772d014aee6a838321842af67eca8d54d021074e3d,translation-unit,th03-mainl;th03-op,,,,
libs/master.lib/func.hpp,b3ccc8c8cea3c8976fa9cb55402c753dd84387b667e355df99d9b8cc8e76ee57,include,th03-main;th03-mainl;th03-op;th03-zun,,,,
libs/master.lib/func.inc,6fc2b5ab1f5ce7e4b64675cb8c6b967227418eebff9cd81e82de3721cac4a67f,include,th03-main;th03-mainl;th03-op,,,,
libs/master.lib/gaiji_backup.asm,8154b76fc72e32af4e9e58b6ea4b3b83a6d0a72987544434e8a098d872d5516a,translation-unit,th03-main;th03-mainl;th03-op,,,,
libs/master.lib/gaiji_backup[data].asm,d37b631d825bd18d705e3d5853e146efc04e02cb96e9f4632b310a10bbbee671,translation-unit,th03-main;th03-mainl;th03-op,,,,
libs/master.lib/gaiji_entry_bfnt.asm,d365f1aee432134fff021a015f59ace31a8d07655c00ce7cff988e788e2e5534,translation-unit,th03-main;th03-mainl;th03-op,,,,
libs/master.lib/gaiji_entry_bfnt[data].asm,33c440e1f0168f74c3853f10e533addc2662b4f361dbf60c9e0c6e0b85cc0c95,translation-unit,th03-main;th03-mainl;th03-op,,,,
libs/master.lib/gaiji_putca.asm,8e3705da425727b60e5cbe36c1d9b027d9adece313248fbbe5e81386a2e052e2,translation-unit,th03-main,,,,
libs/master.lib/gaiji_putsa.asm,9d9c7d52c1581c98e5132df4529440f6f8929eb8476646f404361b5a3f6e4180,translation-unit,th03-main;th03-op,,,,
libs/master.lib/gaiji_read.asm,76f96834714f89ceb0b04536b67c0920f71621e622a86dd8f881cd158afdbb32,translation-unit,th03-main;th03-mainl;th03-op,,,,
libs/master.lib/gaiji_write.asm,8ba36f346ea8a2f4bd3f6a3f44b2034e78d8ff87f0e16414c17e3fcf59ddcb47,translation-unit,th03-main;th03-mainl;th03-op,,,,
libs/master.lib/gdc_outpw.asm,095306f5c80257f967c462881e45d68becd5ec886a91a4641e0f622b97b80f4a,translation-unit,th03-mainl,,,,
libs/master.lib/graph_200line.asm,3b2c41c7d4dde69b739d4e861e88d5e575a5a9b990cfd4a0d78d605df1483069,translation-unit,th03-main,,,,
libs/master.lib/graph_400line.asm,a4cc370c6827cd5f91928d8f1f1dcb49dcb1d582e2dba3e7b6f33b18ea877494,translation-unit,th03-main;th03-mainl;th03-op,,,,
libs/master.lib/graph_clear.asm,90be0ac27c63cf09b7bab977ab3787c5e64ede39d8c86c0393920c82991d7d12,translation-unit,th03-main;th03-mainl;th03-op,,,,
libs/master.lib/graph_copy_page.asm,6e99953780d53444267c34fa48331ccf3535f0d4e4b4b7dc9c32291806e271dc,translation-unit,th03-main;th03-mainl;th03-op,,,,
libs/master.lib/graph_extmode.asm,3e1df894829c07cba4b59b6fe08c631e670312b42a60ae790faa5c4cd0f1d970,translation-unit,th03-main;th03-mainl;th03-op,,,,
libs/master.lib/graph_gaiji_putc.asm,70c6a2a0bf6497ae04bc8729d7363bf1a1f7b47ec2eed6d46d59525e80ccfcb0,translation-unit,th03-mainl,,,,
libs/master.lib/graph_gaiji_puts.asm,43b76948a66fe8e0637bce04900e553f264ef41217764abe04457bfed8ba8122,translation-unit,th03-op,,,,
libs/master.lib/graph_hide.asm,e1f59b707774a5991fc0851f9d0019b5bef5f83b7d45787593be1966fb424035,translation-unit,th03-main,,,,
libs/master.lib/graph_pack_put_8.asm,75be81de1b67e4c2b80d9046e2d5bc9cafba7b59bfefefd612daa44324c841c3,translation-unit,th03-mainl;th03-op,,,,
libs/master.lib/graph_pack_put_8_noclip.asm,419eb81126c20a665bdd61241f1e2fdf0f99c6a9273a3abf615befde57b40948,translation-unit,th03-mainl,,,,
libs/master.lib/graph_pi_free.asm,1fb1f9568866bfaae7f5c91e4ab986e147d87df5df639322582c0ea55eed0591,translation-unit,th03-main;th03-mainl;th03-op,,,,
libs/master.lib/graph_pi_load_pack.asm,291fb72bb0d3af3cab081913f39d23b084f15958aa362f205128f73df3cfefc0,translation-unit,th03-main;th03-mainl;th03-op,,,,
libs/master.lib/graph_scrollup.asm,fe4966d0d92dd20e8711f15410f4b6b34785abb92fbffb8a08ba8d07e3bd9e80,translation-unit,th03-mainl,,,,
libs/master.lib/graph_show.asm,6056411cf8d4c84cc236c9ae7de7f4776aeb908bea03d991258b4a7f79c5c5b3,translation-unit,th03-mainl;th03-op,,,,
libs/master.lib/graph_start.asm,8f5debbe9819255f8d496b4b413f40f12599dbb7e57665e35955329a3e41d6d2,translation-unit,th03-op,,,,
libs/master.lib/grc_setclip.asm,eddf855ca2d0433fc7aa4b0a7fd09b8ba190051bda270233634beb7a527f93cc,translation-unit,th03-main,,,,
libs/master.lib/grcg_boxfill.asm,74db99990e4064c0d028674c97e2e07717ca21e0177037cedf0ea58cd88b7fa4,translation-unit,th03-main;th03-mainl;th03-op,,,,
libs/master.lib/grcg_byteboxfill_x.asm,b549049f0379a0eab9e8f5d2de0c04946e6454c8edd4ecf87c9f407ca323503b,translation-unit,th03-mainl;th03-op,,,,
libs/master.lib/grcg_circle.asm,d1409c1b1906b1b830ba5786524406c0e4a975537dada8fcd2ab971df068dcdc,translation-unit,th03-main,,,,
libs/master.lib/grcg_circle[bss].asm,218ac09a2742eba19818b4bafc264d310bd99389a70964d2c0f4367b8cc40d41,translation-unit,th03-main,,,,
libs/master.lib/grcg_circle_x.asm,1e5487851b0e263dbcc238eb411a00e5e3eade5d70398f02bdf87c6c04c9d4df,translation-unit,th03-main,,,,
libs/master.lib/grcg_fill.asm,c5064a50b79bfaeb4a9a400dc28f40901712887c7efbd39c6c9fa36e62c26d2e,translation-unit,th03-main,,,,
libs/master.lib/grcg_hline.asm,873c20083cbe4064b8dcd9e1a7c1d0f8c3f0dc756caacc303660639007a788a6,translation-unit,th03-main,,,,
libs/master.lib/grcg_line.asm,e38b082344fb51f37591a5f77683b74e119f4072a39d985c9be5bf8427c408e4,translation-unit,th03-main,,,,
libs/master.lib/grcg_polygon_c.asm,d20153d10ce264eeb89b8124a86f238214aa1152d197e6253503dc35755748ce,translation-unit,th03-op,,,,
libs/master.lib/grcg_pset.asm,7e2f0c53c15b0183b3c21ef66ce85b3cf275cac9b301788a1c54021fd41eaede,translation-unit,th03-op,,,,
libs/master.lib/grcg_setcolor.asm,cfc0e194c0b218b76572b57bc1368abfbc5cabf021a35512d4485323933ab09e,translation-unit,th03-main;th03-mainl;th03-op,,,,
libs/master.lib/grcg_settile_1line.asm,03230e59c466d71997258f7607157c3e5b2957148d39846ca79281dd93ca9307,translation-unit,th03-main,,,,
libs/master.lib/grcg_trapezoid.asm,8e9967b52649b918988914eebf5a1422c679c81652ae25b97d8ed2d943490727,translation-unit,th03-main,,,,
libs/master.lib/grcg_triangle.asm,cd3fd1e250be036add65070f89a27b34236796e27c5af1be95f48b29a2dde69f,translation-unit,th03-main,,,,
libs/master.lib/grcg_triangle[bss].asm,d933e637049539310f087ffdb58381c55b9b63fd0dbdcfc74b60435f064b4963,translation-unit,th03-main,,,,
libs/master.lib/grcg_vline.asm,942b2e256b8fdec70254dedd5542c8795eb6651c02db76695768ec055daa90e3,translation-unit,th03-main,,,,
libs/master.lib/grp[data].asm,7e11161dc5fbe9ff4ce2f8ec79d63b3b73a4a46c6ba43cd6dac7db8f263c9ff8,translation-unit,th03-main;th03-mainl;th03-op,,,,
libs/master.lib/hmem_lallocate.asm,bf8fc5e2b4aebe2a4d954dae4491ebb2d735caca94fa48cd728eaa99f6c0a680,translation-unit,th03-main;th03-mainl;th03-op,,,,
libs/master.lib/iatan2.asm,e56477c2b566000d18a808ef4882b4c14354178c945d9d03062fb98d9ea71e3d,translation-unit,th03-main;th03-mainl,,,,
libs/master.lib/js[bss].asm,4088af4fb69f18082eae94de0f8ce0777b854d1227be88f1f1fc787aa956ef07,translation-unit,th03-main;th03-mainl;th03-op,,,,
libs/master.lib/js[data].asm,c4039f5941b89b6fe80e22442607bef52b533d71fc97e79e8f9f73c84c3fca03,translation-unit,th03-main;th03-mainl;th03-op,,,,
libs/master.lib/js_end.asm,6f0cefb45506e97123a6ce1530b76b832935e324c6c6d7373e9a315e7ea04d15,translation-unit,th03-main;th03-mainl;th03-op,,,,
libs/master.lib/js_sense.asm,6f9c91f30d50cfd75f9b6025737cf3f5edefe9a38fb4f90cc447b11f4e9e4456,translation-unit,th03-main;th03-mainl;th03-op,,,,
libs/master.lib/js_start.asm,9108253a1ce57bab97b64f9504196dc5a0d2d510a2d121f94a71f0698063aa03,translation-unit,th03-main;th03-mainl;th03-op,,,,
libs/master.lib/keybeep.asm,c4fc8f114b2f3f561066db4a0736bad101681df738b8a0492b76a3a854587e07,translation-unit,th03-op,,,,
libs/master.lib/macros.inc,6e38bd2a6af911890250376d7e3d87343a6e726eced227958669d6f420427ae9,include,th03-main;th03-mainl;th03-op;th03-zun,,,,
libs/master.lib/make_linework.asm,1f708630b586f25309b6e11b3921f0373af495d9fb44b217d78cecdc7f815752,translation-unit,th03-main;th03-op,,,,
libs/master.lib/master.hpp,2219b5ff8d1c8a54add5c2f6f360b7d175a051c0419b4a9b2f397a07da3d11bd,include,th03-main;th03-mainl;th03-op;th03-zun,,,,
libs/master.lib/master.inc,faac70d95fa0b740bfab05064e2c6cd1f564e92cac6b316a26766389850da453,include,th03-mainl;th03-op,,,,
libs/master.lib/mem[bss].asm,b54b999b1e2dfe82cfd79e8d16b8748a861cabc2fde435d43e9fdd3f284b26f1,translation-unit,th03-main;th03-mainl;th03-op,,,,
libs/master.lib/mem[data].asm,9c13a4f793a8b7602d55be68d1a547d91251ab0d4a7f97f73aff2077bb9446ad,translation-unit,th03-main;th03-mainl;th03-op,,,,
libs/master.lib/mem_assign.asm,1a82490706e60c785cf990c6bdad0d6a4fa2994d80d3446cd8592343e64b0e49,translation-unit,th03-main;th03-mainl;th03-op,,,,
libs/master.lib/mem_assign_dos.asm,5d53f5d5ec38727649f743c8bd12a976c805a039c215d68aa493105371f66465,translation-unit,th03-main;th03-mainl;th03-op,,,,
libs/master.lib/mem_unassign.asm,79b849504ea1c66e774e5e28bb0c218e5dcbbd7517b61e1388ff4018e017a225,translation-unit,th03-main;th03-mainl;th03-op,,,,
libs/master.lib/memheap.asm,f82f4a8f65caee760efa0cf3e4aae1a53b1dbdd9f42994da1a7a96b92a297773,translation-unit,th03-main;th03-mainl;th03-op,,,,
libs/master.lib/pal[bss].asm,fe7dd64e247b731ae10ae598ff3402c68cd7f820ce4383a113bc184b632c3f74,translation-unit,th03-main;th03-mainl;th03-op,,,,
libs/master.lib/pal[data].asm,fc37920a446ba76a9e281624a8fbbf5d78153e281e043645998f5747d162c770,translation-unit,th03-main;th03-mainl;th03-op,,,,
libs/master.lib/palette_black_in.asm,c7407bfb9aabe9a5127a1dc3510779444a3d507eacd9bc2fdfe48ee9cfc2481e,translation-unit,th03-mainl,,,,
libs/master.lib/palette_black_out.asm,522eafd6463b52c9893ed7f71d3322a6ca9a5dd7ff32a9265307ba095d0fd54f,translation-unit,th03-main;th03-mainl;th03-op,,,,
libs/master.lib/palette_entry_rgb.asm,db55520eafba7b5799fcb8fd236473891fb87eab47d5a3b02856cf7670625325,translation-unit,th03-mainl;th03-op,,,,
libs/master.lib/palette_init.asm,ff8b1966e0a0c08535ba71fc04a82765d332fe59c7420f7ee8fe01d9040c3a41,translation-unit,th03-op,,,,
libs/master.lib/palette_show.asm,c40574ccfd1c224e9e4562bc4cc6bb35243cb9970a4c832dd7c3e982a7425c30,translation-unit,th03-main;th03-mainl;th03-op,,,,
libs/master.lib/palette_white_in.asm,d22a8491c095ed7d2d4b117cd74d549d43df68807a79dfc6e257401a2bddfb34,translation-unit,th03-mainl;th03-op,,,,
libs/master.lib/palette_white_out.asm,40904043b508e68d5ad31ed152ba770236597e6a2fcee0074cc5db2f066d46b4,translation-unit,th03-mainl,,,,
libs/master.lib/pc98_gfx.hpp,0b63531f61811081b17eea3d1d93164547e11d0f360ddd18be0d8268efa40b2a,include,th03-main;th03-mainl;th03-op;th03-zun,,,,
libs/master.lib/pf.inc,6c7f47e4fc69994109ed6ca077a9cdc6f34adba05d5d0672186865e5262285ad,include,th03-main;th03-mainl;th03-op,,,,
libs/master.lib/pf[data].asm,737440cb99b76eee9b140ad35a5752bed1638de880eee687ebffddf737f7840e,translation-unit,th03-main;th03-mainl;th03-op,,,,
libs/master.lib/pf_str_ieq.asm,d25abb53eb1b9b689af519ae7526595d76c86b4362dd2e5ac146cd2165283ac8,translation-unit,th03-main;th03-mainl;th03-op,,,,
libs/master.lib/pfclose.asm,c554e6d0649207a339cf523b144f59afc4ccf999f6a42cffedc9422b8c2f179f,translation-unit,th03-main;th03-mainl;th03-op,,,,
libs/master.lib/pfgetc.asm,119b9827ce6886c77449fe77025fab149542d8916f9edde862562954a6f3c8bd,translation-unit,th03-main;th03-mainl;th03-op,,,,
libs/master.lib/pfint21.asm,8890dfae0e43677fa52dc0c2892def28214eb5c7cf9748f6c201410b19b89c8e,translation-unit,th03-main;th03-mainl;th03-op,,,,
libs/master.lib/pfint21[bss].asm,72e679dc2f05eae6accb6cb9bfde62780cbe53225f4465bb0f1f6beb8515f27a,translation-unit,th03-main;th03-mainl;th03-op,,,,
libs/master.lib/pfread.asm,20d594a2355a5380719cee2f2b19229ae072b02afe470e57115c0a34c3580894,translation-unit,th03-main;th03-mainl;th03-op,,,,
libs/master.lib/pfrewind.asm,ff21821866cc51ce3fb48503458d75ce90b1480784312d43875543a1175c5f5a,translation-unit,th03-main;th03-mainl;th03-op,,,,
libs/master.lib/pfseek.asm,30668e2fb6ac1c9ffe0258a6bd50cdbd4a2a527d9beaf634c99d7ce4cb89e6d4,translation-unit,th03-main;th03-mainl;th03-op,,,,
libs/master.lib/rand[data].asm,474e83952040eb1b4bde984e694607ed5285820b4585980ca2fbed1fc88cc8b1,translation-unit,th03-main;th03-mainl;th03-op,,,,
libs/master.lib/random.asm,a2759dae92008b72845c67e6caa183d54c22f9b2c8199de2101b82daf35aab82,translation-unit,th03-main;th03-mainl;th03-op,,,,
libs/master.lib/respal_exist.asm,d1b9f19417ce514cf88edf2bf8260ccfc547a1ef29027607937f19e7579cbfed,translation-unit,th03-main;th03-mainl;th03-op,,,,
libs/master.lib/respal_exist[data].asm,b5dd1aed31bb957c366a5c4d7a18c200905e92c6f66162273ea3476cde64c8ea,translation-unit,th03-main;th03-mainl;th03-op,,,,
libs/master.lib/respal_free.asm,a72c19e1e6d90c26e77d1db2986cffb7f3977ba701ff8e4d13dfd9b72bc7f430,translation-unit,th03-op,,,,
libs/master.lib/respal_get_palettes.asm,6374d6bbcdb8e64652f9cfc00bc5ba352134d0ad65fc93095fad11ed5e93141f,translation-unit,th03-main,,,,
libs/master.lib/respal_set_palettes.asm,22876ac1b2aca5bb19c52427accb9d0f58ab0595db6d65f7df87b04e90f50e7d,translation-unit,th03-mainl,,,,
libs/master.lib/rottbl.asm,56a671daeada6846e6ade5b6a68f4caa6dcc1565c284732a9a5c95616af81ba1,translation-unit,th03-mainl;th03-op,,,,
libs/master.lib/sin8[data].asm,f0840bd0a674d0bea61cba242d957be4456ad33dd67bb3098a0ced08913ffc84,translation-unit,th03-main;th03-mainl;th03-op,,,,
libs/master.lib/smem_release.asm,e9e750705de05e3aa6114a92de30f73509479fb526d844ec8fd29eb6c13137f3,translation-unit,th03-main;th03-mainl;th03-op,,,,
libs/master.lib/smem_wget.asm,427339049dedbbdafbeaa5092d8f620cdf94b915841b78321ebb6c68ad7701c0,translation-unit,th03-main;th03-mainl;th03-op,,,,
libs/master.lib/soundio.asm,69a4d31369cf05261fb290cb2075c2e2f3f511151ee23ad1e9540bed33d5d69c,translation-unit,th03-main;th03-mainl;th03-op,,,,
libs/master.lib/super.inc,c7710b20c2f6bee86c55097dd2c26cf4be2fd6097439570a5b0c77fa5ffac4ae,include,th03-main;th03-mainl;th03-op,,,,
libs/master.lib/super_cancel_pat.asm,59a3856deb289b9b52c724e6be1f5c2db338e59883894f30af21c1667d8fda97,translation-unit,th03-main;th03-mainl;th03-op,,,,
libs/master.lib/super_entry_at.asm,a27d0851c372b66a63e1968550135ae5de4d3487ce7638f4d079b7711405df94,translation-unit,th03-main;th03-mainl;th03-op,,,,
libs/master.lib/super_entry_bfnt.asm,8098efc312d0d217bee12402428a9624186725f4413bd5d8aef67f0c6fdd891d,translation-unit,th03-main;th03-mainl;th03-op,,,,
libs/master.lib/super_entry_bfnt[data].asm,1784371444ebc64b36a866be947926e9f561a004d4735109dc874211b8ca135e,translation-unit,th03-main;th03-mainl;th03-op,,,,
libs/master.lib/super_entry_pat.asm,b648deee82e0579c66be92d4ff595465401b8d130408c64c9724af5bed69df7e,translation-unit,th03-main;th03-mainl;th03-op,,,,
libs/master.lib/super_free.asm,a1e83689386210f935452bacb1a9f64c16bccfa31a84e6958f37ab28b644f092,translation-unit,th03-main;th03-mainl;th03-op,,,,
libs/master.lib/super_put.asm,97c50aafee01cff2c59357f2a215b59a1bb50cea88f94e2ee370a49764311ffc,translation-unit,th03-main;th03-mainl;th03-op,,,,
libs/master.lib/superpa[bss].asm,0e879a7a1faf48fe4337d90fe825f198e14e1ab010e9ca26247d1a6f3a9b3bf8,translation-unit,th03-main;th03-mainl;th03-op,,,,
libs/master.lib/superpa[data].asm,82334872155ef19c42919ce0964df062d5bb65587ebdc13dd1c069d3684f147f,translation-unit,th03-main;th03-mainl;th03-op,,,,
libs/master.lib/text_boxfilla.asm,1df3895faa86842475ff4ea2684362741099f682e4e1ec4e829df8b81221bf01,translation-unit,th03-main,,,,
libs/master.lib/text_clear.asm,9524152bd1e459e9282f6d45bd1c9f72ffc566aab35cb141baecf3db7268c9db,translation-unit,th03-main;th03-mainl;th03-op,,,,
libs/master.lib/text_fillca.asm,fbc8a57941eb454ea29fac0ae5ceb3420a387e9e58d4e8f398dea264c464373a,translation-unit,th03-main;th03-mainl,,,,
libs/master.lib/text_puts.asm,b711cdad819a835f8b8fc33d8ca50446ed63d3fbe5b6167435a52e43e5d4e0ec,translation-unit,th03-main,,,,
libs/master.lib/text_putsa.asm,8c4a013c22595b94c5c94a68f6a395cdd8e5fb821a03c1dc0cb42e36b2dea323,translation-unit,th03-main;th03-op,,,,
libs/master.lib/tx[data].asm,c0d64eefc6a2af118d9f05774629304e75ff5d252daff8ec4a64caf889ccd8a9,translation-unit,th03-main;th03-mainl;th03-op,,,,
libs/master.lib/txesc.asm,dc9d8ddbc8a701e85860eb36d11b9ab00f036ebace28e626725a226fc126b13c,translation-unit,th03-op,,,,
libs/master.lib/vs[bss].asm,f324dc06b9c9476f1ce37ee8124d17182efa2f42fc72030e4f12caf60ccd2abb,translation-unit,th03-main;th03-mainl;th03-op,,,,
libs/master.lib/vs[data].asm,18bd5d9b8ffcd7353a2dea9f8ae4dc69fa34b06fa9fc32703fc1d0724c4e0357,translation-unit,th03-main;th03-mainl;th03-op,,,,
libs/master.lib/vsync.asm,5d3c205d6d6ff7d9c0f8079200624ff1bfdf4f785e7a5b7c501c0b2269dafed7,translation-unit,th03-main;th03-mainl;th03-op,,,,
libs/master.lib/vsync[bss].asm,aa22c000d29d81016c0018b550b04eaeb4464e971db9bb15057615b1155a8076,translation-unit,th03-main;th03-mainl;th03-op,,,,
libs/master.lib/vsync_wait.asm,2186df31026448095f165528d8cbc3c653dbbc5f4be90b27bdd3acee95d04b2b,translation-unit,th03-main;th03-mainl;th03-op,,,,
libs/master.lib/wordmask[data].asm,d7463ef1babcc68dcdb72f1126f08544d279f95484c31244c1ae645065639b6a,translation-unit,th03-main;th03-mainl;th03-op,,,,
libs/sprite16/sprite16.asm,d0b5366a317911fcd45b6d8e9abb80331ed999a73110cd8090fac98a26b0739d,translation-unit,th03-zun,th03-zun,,,
libs/sprite16/sprite16.h,4241172045a113a6a04ad1fc472909fb82c4e2c6c333790c724eb4e5681ba384,include,th03-main,,,,
libs/sprite16/sprite16.inc,fa0aad22e5045cccbe388947baffc3fa6524e4e76a89bdc6b15d092dca48f85b,include,th03-main,,,,
pc98.h,8d385a46f50f095bafce550bf1139336b428d5a54eb4672e991e58e57af9a061,include,th03-main;th03-mainl;th03-op;th03-zun,,,,
pc98.inc,498e31e6d35ace5c35ef50408ac7a29f2ba2ef76858a5b779d5cfa212bfb6660,include,th03-main;th03-mainl;th03-op,,,,
planar.h,f45c9ee47b5f5db4bb6263cabcd220f492d1195fdb99e0f576612a6d45805f8d,include,th03-main;th03-mainl;th03-op;th03-zun,,,,
platform.h,0f1b8685fe84e7d34b5d66921081367b969971e44385a7bfd3eaa1eaf8ce1906,include,th03-main;th03-mainl;th03-op;th03-zun,,,,
platform/x86real/flags.hpp,89dddafe54aaa7e7eb92a04d9f2f71625aefbbb46623c34c30f6fb4152b188b0,include,th03-main;th03-mainl;th03-op,,,,
platform/x86real/pc98/egc.hpp,b1e09f1b321074a816349f5c76f22fee456d7ae83ec86ed8966c1d4e8813551b,include,th03-zun,,,,
platform/x86real/pc98/grcg.hpp,743522b71bf781e7982d170702228fdb2bc8f946090d63dabd82d99a7938080d,include,th03-zun,,,,
platform/x86real/pc98/keyboard.hpp,ba7583456fb9b32054a457c00abef60583e7dc8e40aebd38764275178d7bb15c,include,th03-main;th03-mainl;th03-op,,,,
platform/x86real/pc98/page.hpp,c2ccda6ac3948c25edf823b3797c8efabd438c349dbc25db7a5ce2d6e8c89921,include,th03-op;th03-zun,,,,
shiftjis.hpp,e0e598aab57b0b07d95f9c936963ffdb4c6806457ecc7e677446bd4df195cd1c,include,th03-mainl;th03-op,,,,
th01/core/initexit.hpp,fdf2f6412e7884d3b26e951a3b50890599ec6175d5217c0bb6a650c3671ae9a1,include,th03-op,,,,
th01/hardware/egc.h,934949c07a849db93e76955cdb7e1ca93ef4d631b01981ff7bb0d5c47e446102,include,th03-mainl,,,,
th01/hardware/egc.inc,29e30717870bb69635bf082114ccb4a0e9795803c80adbd1283449f80e32a188,include,th03-main;th03-mainl;th03-op;th03-zun,,,,
th01/hardware/egc_impl.hpp,6e84637cf2ba04767f6f3729c15f8f35e0708778e03cef56af422a202e6093bf,include,th03-mainl,,,,
th01/hardware/egcstart.cpp,acefacdc5bf56cb274cb252480690166d0dbb379ffa95c62d729ea1a852e2b1a,translation-unit,th03-mainl,,,,
th01/hardware/grcg.hpp,00ffbb57ef134803f97226e55cd19e6818567bba36c4b22261fac2bab26efbf5,include,th03-main;th03-mainl;th03-op;th03-zun,,,,
th01/hardware/grppsafx.cpp,ea6de98660cc9761593b37a9458ea9f5399ccc5dd7707ec88e0d3a86c6be77b6,translation-unit,th03-mainl;th03-op,,,,
th01/hardware/grppsafx.h,347d514f7b4235b7abe32615e16e6725aaad7bdc21dd54fe6ddbb2c4d8bd2ac4,include,th03-mainl;th03-op,,,,
th01/hardware/grppsafx.inc,48366cc90f7d4b651fc6d07ea42acfaa6d2dde14c7ce95a6b108f41db6485aa6,include,th03-mainl,,,,
th01/hardware/vplanset.cpp,d309adf3597b93f99d6534249d363386422f2377a70cae0f4de6a5c2614b69e7,translation-unit,th03-main;th03-mainl;th03-op,,,th03-main,th03-main
th01/hardware/vplanset.h,30f8aa469b4d4661eff12baec16313a5fab35a255104565fa11e16ef5a09ffe0,include,th03-main;th03-mainl;th03-op,,,,
th01/hardware/vram_planes[bss].asm,8cd348aa99194f9d35ea1a59072f6895bedc44b358b2af5117d9a2e566edab22,translation-unit,th03-main;th03-mainl;th03-op,,,,
th01/math/clamp.hpp,5e60fcf2b9a7ec24fd000a8b51be369338f508c510541905d3af3b2b114eeed4,include,th03-main;th03-op,,,,
th01/math/polar.hpp,38e65c62e44d3be1051f9447eedb440709cb595cf5ca76fc7138566792092567,include,th03-main;th03-op;th03-zun,,,,
th01/math/subpixel.hpp,9f601de294f44b080b353f6bab6710b2fc2483976d3ef38bf164462a4c3e9a86,include,th03-main;th03-mainl;th03-op,,,,
th01/math/subpixel.inc,fd2b18fbf962805cf146dcedc65745053326569a6ce8819150afe6df11f1e3b7,include,th03-main,,,,
th01/rank.h,0bb3aea4aeae070a679089d97bb73a6bc79f75d53678c2d8e6b37ade6db54dcd,include,th03-mainl;th03-op;th03-zun,,,,
th01/vplanset.cpp,811b8b745103801f5a08fe2066aa1d8a90f5a698b4b3f29a12828e96d07cb00b,translation-unit,th03-main;th03-mainl;th03-op,th03-main;th03-mainl;th03-op,,th03-main,th03-main
th01/zunsoft.cpp,a2fd32b9213f89dbf582c36d48390f216666ca533f60cf2b3daa42d3d9984d98,translation-unit,th03-zun,th03-zun,,,
th02/core/exit.cpp,dac2cc3be90eaaebf5c8a86a7912dcbb91957a00f080cfd50b2f0da38df2bb33,translation-unit,th03-main;th03-mainl;th03-op,,,th03-main,th03-main
th02/core/initexit.h,9b118b26972221d075373cfe9886f74e66f624853b751f12b8b8084986be7e4d,include,th03-main;th03-mainl;th03-op,,,,
th02/exit_dos.cpp,6020159e1a196ad7bc9e83dc06f57d83e3348aaa3b9f2d6344d1af0bbb9b41c1,translation-unit,th03-op,th03-op,,,
th02/formats/bfnt.h,37c0ed04765ec14ef23ecf6f93ccc1463d233fc1d83588ca543fb43a197c8993,include,th03-op,,,,
th02/formats/cfg.hpp,c67fd36e282066d32c0978194a46064aa55ee4ef209b4bbe315e3c4eeede9bc9,include,th03-main;th03-mainl;th03-op;th03-zun,,,,
th02/formats/cfg_init.c,545f362bbc26b60c9b80f778913061a48b1587902918c316cfab10a156176d73,translation-unit,th03-zun,,,,
th02/formats/musiccmt.hpp,f723dcdd5b7671d0e54836562749707b96cbb285d21172dd11ecf33e09726094,include,th03-op,,,,
th02/formats/pfopen[data].asm,fef01723e041927126f257119e7d49f5fb854c98127671e024da5232c26832c2,translation-unit,th03-main;th03-mainl;th03-op,,,,
th02/formats/pi.h,5c6935e28964a88714f1ca08aa94cf0eb8cda89a087e143094b76e6ab1b5582f,include,th03-main;th03-mainl;th03-op,,,,
th02/formats/pi_load.cpp,ddd46ad7960135c079c6a042838422d77de013541cd94d9c092f25a005891dba,translation-unit,th03-main;th03-mainl;th03-op,,,th03-main,th03-main
th02/formats/pi_put.cpp,1d9c265557e287c84187a32bdf66601681d2a70e5ed0365eb8ed120472d1cea3,translation-unit,th03-mainl;th03-op,,,,
th02/formats/pi_slots.inc,b3a234a3e292c1171f86ac24d9bb8ba8c47ffb938be8450168f7fc91148f8187,include,th03-main;th03-mainl;th03-op,,,,
th02/formats/pi_slots[bss].asm,868676294d6a80d794309ca0de0de51550c997870d273a8d221ee350dc00a5cf,translation-unit,th03-main;th03-mainl;th03-op,,,,
th02/frmdely1.cpp,8d72ee835bea035f9136092e1733c5a39b71401444d72c252ed38fc9fbec0f92,translation-unit,th03-main;th03-mainl;th03-op,th03-main;th03-mainl;th03-op,,th03-main,th03-main
th02/frmdely2.cpp,f864ae41ed22b19f4c09397566d7fd0b10a65e072cc90c9cf8d09601fe7e7948,translation-unit,th03-op,th03-op,,,
th02/gaiji/boldfont.inc,638cbdfde9f7cf7d96d33c1841b1081ec04e86c4cbd9b6b56c18503141bb9779,include,th03-main,,,,
th02/gaiji/from_2.h,35af145832fbd95c9a6f11b7c79842d43bb73d7975ed12b0c40a782038f4b269,include,th03-main;th03-mainl;th03-op,,,,
th02/gaiji/str.hpp,2d9ff0c0ee1bf950303124f9d7a9e3ce22696d0395649439155f6ef9014d3bc9,include,th03-op,,,,
th02/hardware/frmdelay.h,88dc6b247e32fcd9dc2df7e4e1ce96408ad1c5f907b4ffe1ca35356280c2ac42,include,th03-main;th03-mainl;th03-op,,,,
th02/hardware/frmdely1.cpp,7f331eebb1ac4d28c2587554f4a2966fb5fa9065f6311f8ecf5e79a0b4a00565,translation-unit,th03-main;th03-mainl;th03-op,,,th03-main,th03-main
th02/hardware/grppsafx.cpp,fdf9f1c41ddc8e757f3fd15bcf97d3e2bfee7f4a4727f06da7fb51616e969bc2,translation-unit,th03-mainl;th03-op,,,,
th02/hardware/input.hpp,c0909fcfebc5bfd3996c1953f73ed87dfb02fa3e4b4376b4835f9393126215c1,include,th03-op,,,,
th02/hardware/pages[bss].asm,4656cc4d234e4df018ba65df7b30fefd9ee04ba3d6af024ec8c8ae8949a37384,translation-unit,th03-main,,,,
th02/main/bullet/impl.hpp,ba4216de7941c9d6fd57a43aa3a06dd21c7f62a5a8b762235f22527b87e35a4b,include,th03-main,,,,
th02/math/randring.hpp,5a3b754e45653afee48ec794992ede8926cd72f8f38382b320f89dd6da78b452,include,th03-main,,,,
th02/math/randring[bss].asm,502af8921b2c2274ad28a25827675a38ee820a94b249eb64d8dc2e012a49606e,translation-unit,th03-main,,,,
th02/math/vector.hpp,a8a7c26f1805853f12ef91d73e926995d31f91dfe550f26405ec2a2687b5d77d,include,th03-main;th03-mainl,,,,
th02/op/m_music.cpp,85440d4778240ef183a90134db9969111fef1d24681e8abea5c538242509643f,translation-unit,th03-op,,,,
th02/op/m_music.hpp,a7df5dd757a21c81b31c542f05a4139dd4720553677515ca0eeeaebed048079d,include,th03-op,,,,
th02/op/menu.hpp,c1b155455ac88942627b71d9dfa8969b721907c06ec1fc7206816d0c3d859423,include,th03-op,,,,
th02/res_init.cpp,63241a8bbfe07ed3f823f674583b8b9833de1cb3da2f9957353fe4f6be3836e4,translation-unit,th03-zun,,,,
th02/score.h,39192396412336fb3afbe041af8799b4b3fbf131018305f7fbf2a7f289ecc170,include,th03-main;th03-mainl;th03-op;th03-zun,,,,
th02/score.inc,0c57fcf3fb6bda5842938d247cc6ab518750e67eaa8fd95e766bcc259a237434,include,th03-main;th03-mainl,,,,
th02/shiftjis/bgm.hpp,918332cea093e547242e59ab0ab03b3b676698a0c81cbee8f1010ce3ec72145d,include,th03-op,,,,
th02/shiftjis/fns.hpp,b1f23f07201d65c292bfc5d786c11be797777ed368eb46b87d6a8e2c8572a14e,include,th03-op,,,,
th02/shiftjis/music.hpp,b207223cd84937b87d2dbeec31476974d77de039abe5741f50a67d38771f1e3e,include,th03-op,,,,
th02/snd/delayvol.c,d5a20af0802458ede6ec7aefd539183419495ae85252dc4546f5f342d70027c4,translation-unit,th03-mainl,,,,
th02/snd/detmode.c,a457488f26fcc30dd74c9bcba8e8f55bd1847da45625678219eeb2abe7765913,translation-unit,th03-main;th03-mainl;th03-op,,,th03-main,th03-main
th02/snd/impl.hpp,dc61f5435baab9dbc0e9e3aef3f66cf232db03e78d6f9d9b8f67dfc74ea9b6d7,include,th03-main;th03-mainl;th03-op,,,,
th02/snd/kajaint.cpp,5320ae10909ffe7841cba69cd7d7e95627d10084383295e5c4d8b4fc007e6496,translation-unit,th03-main;th03-mainl;th03-op,,,th03-main,th03-main
th02/snd/load.cpp,d10f574265a1274b8abcab9be47924a261119a3c81c045bde821c2ff471ca320,translation-unit,th03-mainl;th03-op,,,,
th02/snd/load[bss].asm,22b6accc206c5e8f78afff0e75b93f4ba7ecd116250f71c24631ec8e9c988a8c,translation-unit,th03-mainl;th03-op,,,,
th02/snd/measure.hpp,69b58c9440a761bb3e40d0963c9dbd0ae1c641104f3aa8eb8edd9b7c6b0326b0,include,th03-mainl,,,,
th02/snd/pmd_res.c,4b33fa2ab3c3f838e717880a1e455bb1934ff8f4396d4b5c1a370ece5bb6f77d,translation-unit,th03-main;th03-mainl;th03-op,,,th03-main,th03-main
th02/snd/se.cpp,3c8648ea60fa7fbae8c10068bb1ac1178e8481b3841eac297356b956109970df,translation-unit,th03-main;th03-mainl,,,th03-main,th03-main
th02/snd/se_reset.cpp,be06ff1731cf5a6e4ec985565209db9a729c5afd7f570009bc05b4ecf047e94b,translation-unit,th03-main;th03-mainl,,,th03-main,th03-main
th02/snd/snd.h,6c69d85cc2826ec5d99746b78d4544bfe4dcc1605ba383761c4612c4b803e421,include,th03-main;th03-mainl;th03-op;th03-zun,,,,
th02/snd/snd.inc,a3faab9a73895dfa2e0ded324b093ce89f66185e08be33006fada8229aa3c0f3,include,th03-mainl,,,,
th02/snd/snd[bss].asm,65ed92e89b729b015ff585e0eb775f4fa71a294f2b22df4c708475f068d6d850,translation-unit,th03-main;th03-mainl;th03-op,,,,
th02/snd_dlyv.c,fa852c02f348b88ab89a517862f1ce3dc66dbcff08fd3a266ac6415a80e1d6c3,translation-unit,th03-mainl,th03-mainl,,,
th02/snd_load.cpp,ce040c0142283320ef06c36942f2cee14de69132b23a019957485a2b46ab85a2,translation-unit,th03-mainl;th03-op,th03-mainl;th03-op,,,
th02/snd_mode.c,165169c113e769b21ac46229b6115e1e968cb8b358aa62ed845286ba101613f9,translation-unit,th03-main;th03-mainl;th03-op,th03-main;th03-mainl;th03-op,,th03-main,th03-main
th02/snd_pmdr.c,02b50a0f820c19f5523d28ad4b7e3f16e2f9dd7d75273059e3e22c46bdc26bba,translation-unit,th03-main;th03-mainl;th03-op,th03-main;th03-mainl;th03-op,,th03-main,th03-main
th02/snd_se_r.cpp,70fb8ccaf7b0203cc5f4e1662b826714b79bc758a3ae92a9fb7a3e7aa35b8f2d,translation-unit,th03-main;th03-mainl,th03-main;th03-mainl,,th03-main,th03-main
th02/sprites/bullet16.h,a5ef69d2e20a0301ffe8de66b496e03659e831682719632782fdec2d399839bd,include,th03-main,,,,
th02/v_colors.hpp,b39d0cd7663e9347a9d7f8100796df9d138dfd77c4cf05886511e2651f04d0d6,include,th03-main;th03-mainl;th03-op,,,,
th02/v_colors.inc,a758e8c3cfbf15812e93708e226ed7ff8ffba16e65be9c122bc8fdf97498169f,include,th03-main;th03-mainl,,,,
th02_zuninit.asm,f5506af2546a2fb66fb51b1ac7e2e468b83de9f1d1d205007f33859fcdd7a999,translation-unit,th03-zun,th03-zun,,,
th03/arg_bx.inc,036c988bfbec000a152512035e3d8b42590d84165f1aa45d9689babf9ebe995e,include,th03-main,,,,
th03/bullet.cpp,e66e922e94b5965748c9bf1ed45f6e4ee342f66d17eaf64c7309c018b3008fea,translation-unit,th03-main,th03-main,,th03-main,th03-main
th03/cdg_load.cpp,74995cf9737da98f3ec0081873979e0d9d26fd14a2632a484722dc42d7be1e24,translation-unit,th03-mainl;th03-op,th03-mainl;th03-op,,,
th03/cdg_p_na.asm,37f3f62ecfef76b78944bf902df17cae670fbcb1da90db9ff2c98b6021379d58,translation-unit,th03-mainl;th03-op,th03-mainl;th03-op,,,
th03/cdg_put.asm,51560f98850b7a59bf7d4378b1efde8d851847d1a3553ffa9dc924141a652683,translation-unit,th03-mainl;th03-op,th03-mainl;th03-op,,,
th03/cfg_lres.cpp,49f32c8c08a1d425ec54a13880e2faf7875f68cf736b8ebd0795432e587eb071,translation-unit,th03-main;th03-mainl,th03-main;th03-mainl,,th03-main,th03-main
th03/chars.inc,61e77d763a1e613624356fdb31d6fe668ab6cb1217c3cc1dd65603a36088bb12,include,th03-main;th03-mainl,,,,
th03/collmap.asm,4f696c9e69f6a5a940bd7df5b214ea67fe4cdbede55f463b373dfe365afb39c8,translation-unit,th03-main,th03-main,,th03-main,th03-main
th03/common.h,bfef981c61f126816da7f5c0a1954dc48af84acb208ef48a19aaff8167e8858e,include,th03-main;th03-mainl;th03-op;th03-zun,,,,
th03/common.inc,8bf5a80ef7f14e66c775e1d3befe0bdfdfd9bff3bc68a927ee96849ee0dd411c,include,th03-main;th03-mainl,,,,
th03/core/exitmain.cpp,c4ecbda61aa56010f9fcfa11f6f641a637f6eb274b96f5d28fe21c13e8249991,translation-unit,th03-mainl,,,,
th03/core/initexit.h,22dd29333144a8f56a66933d3c15c1e52b93b731822a5317b80c9b7c0e598382,include,th03-main;th03-mainl;th03-op,,,,
th03/core/initmain.cpp,c7ebbaed9ec3706a112b0a0161d035595afe3e817601d824ee3d18b5d7dfe138,translation-unit,th03-main;th03-mainl,,,th03-main,th03-main
th03/core/initop.cpp,606e66adacdf317a7255424b80b79a79c9cbe244bf76611519ec30dbba779f89,translation-unit,th03-op,,,,
th03/cutscene.cpp,f37eeddbd5bf10e0e4a6a6c8eab39a3ddfcdc859ab2e3332c754e4062b7fce89,translation-unit,th03-mainl,th03-mainl,,,
th03/cutscene/cutscene.cpp,49fbde7cc661dda1d8a290debe285d625f4d274abb9c68c42d28150c59afb760,translation-unit,th03-mainl,,,,
th03/cutscene/cutscene.hpp,d049daefdc5341b40c4437da941b944531a0f11cb12146ce3ee648002d59d182,include,th03-mainl,,,,
th03/cutscene/cutscene[bss].asm,c30db2003f0dc1a0305da0dc917a2f98d5793b05878618f3cf7d1427b440f6cd,translation-unit,th03-mainl,,,,
th03/cutscene/cutscene[data].asm,fe327ef28f8ca7dc49b50d89f1d749545847c1261061b6c343bfa34e2af8e0ba,translation-unit,unassigned,,,,
th03/e_enemy.cpp,9e01eb76a02b0ab90f93c74ee8e54935070230405ab2ef2bca0a44c6696bfd23,translation-unit,th03-main,th03-main,,,th03-main
th03/e_expl.cpp,117da9fead09a987d32eaae2b2c23ce4183fdd1c260a64b59f7f786be0c46683,translation-unit,th03-main,th03-main,,th03-main,th03-main
th03/e_fireb.cpp,77542381a5426525483cf570c396fcaa42e4ba43f93c0036539865fb0fb47438,translation-unit,th03-main,th03-main,,th03-main,th03-main
th03/end/staff.cpp,081d5b24c9cbf830dd85c79a5190d9e74953ab5c92ccf2664c2063bbb61c6596,translation-unit,th03-mainl,,,,
th03/exit.cpp,13183f846ac74026e831cc666fbf7b3cd63a18f48fe2b7747203aa408c1f278b,translation-unit,th03-main;th03-mainl;th03-op,th03-main;th03-mainl;th03-op,,th03-main,th03-main
th03/exitmain.cpp,8a027612842694031097285813c1850a5986bac4abe84141f48adc28edbc488e,translation-unit,th03-mainl,th03-mainl,,,
th03/formats/cdg.h,d0534dcc22e16d02df8cf53e8d640aac88d42812027f44dde30de38ca9a09e24,include,th03-mainl;th03-op,,,,
th03/formats/cdg.inc,1f0ff08d7d98f6e1038f09c12785f09349d65b1427f30ce569d2dbf49b7d7a48,include,th03-mainl;th03-op,,,,
th03/formats/cdg[bss].asm,2c44eff8bce90d277f350f0a1bec5a1de30c4044c638fee12d95365971f10e12,translation-unit,th03-mainl;th03-op,,,,
th03/formats/cdg[data].asm,6994dd466855af86038b134d4dd5c6bbf50ddd1d758c10b625ec05d8f0f658c9,translation-unit,th03-mainl;th03-op,,,,
th03/formats/cdg_free_all.asm,6bacbbff6d1ac2d47331323909c81065f0fdf2eaaade828b8089ade9d4f26934,translation-unit,th03-mainl,,,,
th03/formats/cdg_load.cpp,185a666e817d96f8030d682e28e60b77bb21e8c241be24b1c22b2aee3728d889,translation-unit,th03-mainl;th03-op,,,,
th03/formats/cdg_put.asm,cca8a595731a3f223f11550cb7d0c3beb23287b51b490f3018b81b415dd6ce56,translation-unit,th03-mainl;th03-op,,,,
th03/formats/cdg_put_dissolve.asm,7f57663fbc815279d706e05ae355bc42a3beedfbe06f84cc50627f18d9b010e8,translation-unit,th03-mainl,,,,
th03/formats/cdg_put_dissolve[data].asm,5da21804754df3e33b90dbe45dba64869984df4175def7928c50ae5d0f9c1fcd,translation-unit,th03-mainl,,,,
th03/formats/cdg_unput_upwards.asm,fd1d74d0237e93b3dbfeca989114229a8d0b4dffffe2b089591bdf8ec441bb10,translation-unit,th03-mainl,,,,
th03/formats/cfg.hpp,b21136b1b0fb890d27241a154d4f01c0e59695a77aa7c7f2d29085a1596e1a7f,include,th03-main;th03-mainl;th03-op;th03-zun,,,,
th03/formats/cfg_impl.hpp,d2b0d88d5c657e411146fcd4c5ce523b784c4b9a41fe43596dacc153f51022de,include,th03-main;th03-mainl;th03-op,,,,
th03/formats/cfg_lres.cpp,e17d773ac1ed2671c4f3ccefc3946567d8ec05ba16676b5912a58c408cf6054a,translation-unit,th03-main;th03-mainl,,,th03-main,th03-main
th03/formats/cfg_lres[data].asm,522f7827279e4b3300e1892ff3c716e51262bc188eda88bc9e59b5a3cb493624,translation-unit,th03-main;th03-mainl,,,,
th03/formats/enedat.hpp,7533cfe5dfe2f6c129450206068e5cfacd33fc56c133d9c6e266c8bdd94beac5,include,th03-main,,,,
th03/formats/hfliplut.asm,e3699335fb3c682f2bdf997f8c35eacac34dbd75897d378eed4f9773364bffd9,translation-unit,th03-main;th03-mainl;th03-op,,,th03-main,th03-main
th03/formats/hfliplut.h,c3e25ebfe74ae12a3a2773f1ba935adea457ce6ea08e97695604cd1cb45c8085,include,th03-main;th03-op,,,,
th03/formats/hfliplut[bss].asm,7ce20d5b7a6b5da8064c992c97396f8f6ca4de16b627d719a2f23d74aac1520f,translation-unit,th03-main;th03-mainl;th03-op,,,,
th03/formats/mrs.cpp,a4a1aea84522071dde836e8cac8b73a8e51c3b65e2207b10f66446fca9a8a39b,translation-unit,th03-main,,,th03-main,th03-main
th03/formats/mrs.hpp,df997131752b02ab84f5a0262417c55e277ce57b70efd9bca18808982fd9976d,include,th03-main,,,,
th03/formats/pfopen.asm,913ba45575ed3578efc959a9d3383b2407edb1042d856651cda59b5e701f70ab,translation-unit,th03-main;th03-mainl;th03-op,,,,
th03/formats/pi.hpp,5f85dd06427f855315f9831b3fe43951644b7a974172a4e4583aa0622abe3fc5,include,th03-mainl;th03-op,,,,
th03/formats/pi_put_i.cpp,7308db32adab1e6d2fdd2ee810544589151c276272f5d453c2e312f524ce17c1,translation-unit,th03-mainl,,,,
th03/formats/pi_put_masked[data].asm,ca56aa60b1e8561e41eb255d99572f6110994d59f9430a3dfd1bee0b212e0b70,translation-unit,th03-mainl,,,,
th03/formats/pi_put_q.cpp,af2c2a4e9960af98100113a08a9b6045fc2ec7d2a26aec9c47f805d65c6ce438,translation-unit,th03-mainl,,,,
th03/formats/score_es.cpp,b827cd3f82b71b7ad3a8bcc545877836fc19d0d07aa2916f992259ed71beea2b,translation-unit,th03-mainl;th03-op,,,,
th03/formats/score_ld.cpp,cdbc6fc7d4f5a4cff0b5e0e7b44ee10f593f27211aef16c8bd4468e4fd6f0e08,translation-unit,th03-mainl;th03-op,,,,
th03/formats/scorecry.hpp,f4c5265b445636c9a8d5e1df22b975b87153709fe4936297cd9d25bb497d5dfe,include,th03-mainl;th03-op,,,,
th03/formats/scoredat.cpp,f566b491cb41d9bdd878fe0031de2904653499081a321f8ac6701de1ce8139e3,translation-unit,th03-mainl;th03-op,,,,
th03/formats/scoredat.hpp,9ec2bd5929d5413b0d9c90ad30f27275c91738d1cfe96fb4db5d72c0f16141db,include,th03-mainl;th03-op,,,,
th03/formats/scoredat.inc,69679f902a4d424211c3555ce5c549f7a28a47aae9952bf046995770150e3a19,include,th03-mainl,,,,
th03/formats/script.hpp,b43f978834d21ea9d63f2525a48cbc30a25378a3209eef305473b2b03cd41598,include,th03-mainl,,,,
th03/formats/win.hpp,22d0d552f109806210aabd6b154c8db4d9f089e977ca3dc6761d3392662f7c92,include,th03-mainl,,,,
th03/gaiji/bar.inc,7f53ebc6d56aa7564f6f16470fd0d1bc539916ea6e1da6ee37c11ac9c4dd1839,include,unassigned,,,,
th03/gaiji/gaiji.h,7af11db01547ef5eafd84955e9b2ccd85bf0cd3303ae0752b191f2647df79fb8,include,th03-main;th03-op,,,,
th03/grppsafx.cpp,4c72dd176fefd8390ecba4c1f3f17a7b8b786d6163f3560de55cd64a5fb2baf3,translation-unit,th03-mainl;th03-op,th03-mainl;th03-op,,,
th03/hardware/inp_wait.cpp,559244abb0d3c3ebcaddf09639cb516220866987c489c513a6a484093104ace5,translation-unit,th03-mainl,,,,
th03/hardware/input.h,3934c755120a6de1b189fe0661573b97279aea80fadafe482ecd588645137207,include,th03-main;th03-mainl;th03-op,,,,
th03/hardware/input.inc,2aa85fd6155b86f90c138a1360b9a3c74581c52bd84ed2e24b31e653e8e0467d,include,th03-main;th03-mainl,,,,
th03/hardware/input[bss].asm,0c8acdb7bcb262f44c47c334ba9269dbcfebc7dc59c2a0f070f906132de8cbba,translation-unit,th03-main;th03-mainl;th03-op,,,,
th03/hardware/input_modes[bss].asm,9b37eeab18af63e0785239a7da90e0006163d4f7a9045416726ac3888173ed07,translation-unit,th03-main,,,,
th03/hardware/input_s.cpp,6ae7cf8c133164d4572186f1623888f9843b7bb709b9167ecd46c1e2215a1467,translation-unit,th03-main;th03-mainl;th03-op,,,th03-main,th03-main
th03/hardware/palette.hpp,f3259df66790fbd9afcccce7ae04e9db7686bc0094ec384e5394e3a6c583979f,include,unassigned,,,,
th03/hardware/palette_changed[bss].asm,f1dea82fe9eccae7c4eeb3057fa093b3d20c4bd094b81a2dcd25ff23650ee661,translation-unit,th03-main,,,,
th03/hardware/sprite16_copy.asm,5f7ac1d3a2cb3fa6344dc13c7144d0e984f977e05a2e7aeb75ef034dd76c3240,translation-unit,th03-main,,,,
th03/hardware/vram.hpp,049f9a43b2ffcf3aca79db0035bd036be430eb17f55dc2e43171c217a38a50d4,include,th03-main,,,,
th03/hfliplut.asm,ccb5f6014932e25d554d54d20db88d1284498f13964cc3e24d6a47e74e34289c,translation-unit,th03-main;th03-mainl;th03-op,th03-main;th03-mainl;th03-op,,th03-main,th03-main
th03/hiscore/regist.cpp,15355e761d8999b091c9c5b7405879ff371ef67909380e9aa2f58637657f345e,translation-unit,th03-mainl,,,,
th03/hiscore/regist.hpp,03f49d417df57ae851fc3fd88d11653103f5a97804b767b77d7549758e1c8d25,include,th03-mainl,,,,
th03/hiscore/regist[bss].asm,0ddc8cecf1cba6e670901b783f48c3624dfb7ff13e1d15f4c7905cede454c01b,translation-unit,th03-mainl,,,,
th03/hitbox.cpp,c74cda1d08097e340b270caab1a8de3ead451e60d13b1b6e3da3774fa9d8ac65,translation-unit,th03-main,th03-main,,th03-main,th03-main
th03/hitcirc.cpp,5e6b10dc33afc9a07e9cdff73b3a71683b4dcc347eeec79e06de35f05253791b,translation-unit,th03-main,th03-main,,th03-main,th03-main
th03/hud_stat.cpp,91359b568701c779a5d8bdf7d954e4ee1a2910bd806d7178dfb55776b311c263,translation-unit,th03-main,th03-main,,th03-main,th03-main
th03/initmain.cpp,191ef28660b771c290fbeb21f46b33457a2e2d29327f6b5bb2a04c58343cbc38,translation-unit,th03-main;th03-mainl,th03-main;th03-mainl,,th03-main,th03-main
th03/initop.cpp,72d6ac8c44bf4cee2cf3abb1a10aa39043415469c94a85678b5474885cde5a87,translation-unit,th03-op,th03-op,,,
th03/inp_m_w.cpp,71bc78fc62690c1379610fdffdabebe1e620e2af4faead6a9772c790c2e59fae,translation-unit,th03-main;th03-mainl;th03-op,th03-main;th03-mainl;th03-op,,th03-main,th03-main
th03/inp_wait.cpp,ec3f25576ec74a8bd094f4bb6b0db9fd1605a2b3b8b26e62e2c58864cb9770b2,translation-unit,th03-mainl,th03-mainl,,,
th03/input_s.cpp,2478edb686a5fb6573b5cd2e9b3a1c39ef099e9d90a3696095e926737a9130ba,translation-unit,th03-main;th03-mainl;th03-op,th03-main;th03-mainl;th03-op,,th03-main,th03-main
th03/main/5_powers_of_10[data].asm,0d248e43ec9e8e1b43a80c08e5e2528093a414710f1296518e39fb469e5a1bed,translation-unit,th03-main,,,,
th03/main/bullet/bullet.cpp,283c364a74dc254ecda7b0e6656bdb7c7c8f8bf751934472e0be9bb5a7e1265a,translation-unit,th03-main,,,th03-main,th03-main
th03/main/bullet/bullet.hpp,591401c2139ed0fb5aa1efce82e400412a6e4a22393109d7ee1c855987bf5366,include,th03-main,,,,
th03/main/chars/speed.hpp,ce6d0ab10ad65dbf5361c7924f0cc34670b7a0e198e7d87760008f7edf66c0c2,include,th03-main,,,,
th03/main/chars/speeds[data].asm,21652f069b33b83c3bf8006f96a697fa83d2d6c965263c8fda8c67cf37ab34de,translation-unit,th03-main,,,,
th03/main/collmap.asm,d1fd9a1514597aac5d355bb05a411668b6810b39959c28f526adf52132bb848e,translation-unit,th03-main,,,th03-main,th03-main
th03/main/collmap.hpp,c4991603e39820a6057e63250d199378ef3de6533754b34da19f4cfbed454fac,include,th03-main,,,,
th03/main/collmap.inc,b26f9b2c46a1fd56b21f6b9afb85b83cfeed625f8a34b12c436433a0fb2be227,include,th03-main,,,,
th03/main/collmap_reset.asm,b77fad1e7e2a42899880ff9b832df06845f4e590b665678c999781b3503e6a81,translation-unit,th03-main,,,,
th03/main/defeat.hpp,81f3eaca9e083c35aaeb2405558328fef7defd3c496a23b8af5dbb24b8d6b74b,include,th03-main,,,,
th03/main/demo.h,deaa6afd2fc3e8662620ef0ea55fa00e5ea6b6651a77ca5dc37c7ef89166fba6,include,unassigned,,,,
th03/main/demo[bss].asm,03fe7010103a8c855ae83347a0a2a80dc50de82d9658c97f6ca525e9bab177b4,translation-unit,th03-main,,,,
th03/main/difficul.hpp,a87c884c2e63c6adf8390670e23c09826c35d5f0065bcca7df83d584a125032a,include,th03-main,,,,
th03/main/enemy/efe.hpp,68c9ba3ac9f6b67166351d03c772df678fedd2b70e4266dba856a5ea25493838,include,th03-main,,,,
th03/main/enemy/enemy.cpp,2c971c4a673dfc73ed4f10fd1e1cc170f94d22e0acbfe13c894147c5232a154c,translation-unit,th03-main,,,,th03-main
th03/main/enemy/enemy.hpp,022619dfb56f9cc972d684a622f3db920a0777242a84ed705417d726452ff4fe,include,th03-main,,,,
th03/main/enemy/expl.cpp,2a9096f77e2a7e4518a3c4b32a3ea1020751d0b8a25a19b6918ac18a96dac90a,translation-unit,th03-main,,,th03-main,th03-main
th03/main/enemy/expl.hpp,5fae0ee10e00cd359cb34e65b6deb25fdc4bf1704a2d6d24b62504be4ceff16b,include,th03-main,,,,
th03/main/enemy/fireball.cpp,bce30da7c987c64774c9c14c38666bbb8af24230b7324e3d9db8591b1d90b65c,translation-unit,th03-main,,,th03-main,th03-main
th03/main/enemy/fireball.hpp,05a3a831682b31eaab76fe0112fbe3f5260c4f40aba14c48fdfe713c5c15b4f6,include,th03-main,,,,
th03/main/frame_mod[bss].asm,e533849c1b13a14a51d662cf1262a4bad2d055de997169888397351a4cd3c880,translation-unit,th03-main,,,,
th03/main/hitbox.cpp,ca3cc4cf4fdaa91dd292d205321f990a94027b4fab878efeedc511f783924e76,translation-unit,th03-main,,,th03-main,th03-main
th03/main/hitbox.hpp,cdff7cc07d4325c80654f2b5e685bb21d090a234bdde945a1e2890f57f06763e,include,th03-main,,,,
th03/main/hitcirc.cpp,e7a0f31961a9b5720deb2845b30edf4360eed4ad329000abc8b72ecf5cbdbf11,translation-unit,th03-main,,,th03-main,th03-main
th03/main/hitcirc.hpp,a2bdd97f6dc4c88d0c751c0bd2677002aa0df827cfc5064135d151625962ab2c,include,th03-main,,,,
th03/main/hud/dynamic.hpp,f3fba40dd95afdd3000a0497144abdc038460f333af868b567e8ba5e802ab5e0,include,th03-main,,,,
th03/main/hud/start.hpp,93796ee22b5d1f9a7cf5df4a3ff1613c9d9da8244dbec384ebe2a1fcc577ed33,include,th03-main,,,,
th03/main/hud/static.cpp,127929bf2ef7b7d07aca9df619de061d7613364f6455e2d0738a03e11f0436c9,translation-unit,th03-main,,,th03-main,th03-main
th03/main/hud/static.hpp,5b242b81d14368b071c32a6099c2c6c9917dd9669f2163c8fa81a4a4c9ae8e82,include,th03-main,,,,
th03/main/hud/warning.hpp,6fb28c6b965a8379fcff18f9774d9d69d21c83053f791a8af0609ba28927fa6f,include,th03-main,,,,
th03/main/player/bomb.hpp,4fe5e0b1356744c377fa462dbfe7d138fdd74da198d4acd80b976e5fc60038f2,include,th03-main,,,,
th03/main/player/ch_shot.hpp,43931056d569f5e0d0283c7453eb17bc0f9ad51c33b01694999771aa906759a4,include,th03-main,,,,
th03/main/player/chain.hpp,7f33ee99319dccd38b4495bbf4f732385e65ce9ec8b51c0c7ebd7c200c395618,include,th03-main,,,,
th03/main/player/combo.asm,d0512ea4c6dce761a23dbeb816de39db4259b2c4b8ff6a818229ad378fe888c1,translation-unit,unassigned,,,,
th03/main/player/combo.cpp,d5b621afa0ff3472d95c25169d0c7759bbc0e4d203397034b7ac18fb2068fc9e,translation-unit,th03-main,,,th03-main,th03-main
th03/main/player/combo.hpp,a2723bdbf5a0f6063a893cf79e1e59145f4d4951ab6698fd6dfa62cf69d0843c,include,th03-main,,,,
th03/main/player/combo[bss].asm,53ae5e2fa09823ebaa76ea26e391c51657142bc7512901fd06cd7cc25ab4e9c5,translation-unit,th03-main,,,,
th03/main/player/combo[data].asm,3fea8f4bce78ee39c3dc471fe49e711ce3a0324afc06fbe16689ecb0146cacac,translation-unit,th03-main,,,,
th03/main/player/cpu.hpp,4aa9d8fab9360d16753852d70c9b9deeba08bf3b9965ed1e39819d1af7623135,include,th03-main,,,,
th03/main/player/cur.hpp,4551f143dfd619b27a74cd7f5367f3d68cbebf4a073e1e5d3e33f0f818017d73,include,th03-main,,,,
th03/main/player/exatt.cpp,947e1e56f4c94944937ab01f32f5fd7d165ae7becf3c857599546fe80fda0235,translation-unit,th03-main,,,th03-main,th03-main
th03/main/player/exatt.hpp,184cb3fc841c61bf4fb6b49d088a6bdbd75b060c904769f7efd4da1a9e0c57ea,include,th03-main,,,,
th03/main/player/gauge.cpp,2a55de0d1e1e8b6bab4148f4abbcca024fae324f27150c7f2021b0268cd87408,translation-unit,th03-main,,,th03-main,th03-main
th03/main/player/gauge.hpp,4a848ccb63e44a411bf3a00fd19086336b613078d00e48d0873cb0a865a63690,include,th03-main,,,,
th03/main/player/gba.hpp,6431a75534bb6ec9bfaf5aad5e8eab81052fb43405d6d4def56673c19e51394e,include,th03-main,,,,
th03/main/player/hearts.hpp,623a19adfae5e12393a122d3a96c37bcc8a6a7969fdcd051f09f048c1d57c1d1,include,th03-main,,,,
th03/main/player/move.cpp,505bfaf4a8b81e62df03163c95f8f4b893f0a9541f2396a3207a404e72d50f9c,translation-unit,th03-main,,,th03-main,th03-main
th03/main/player/move.hpp,cc159b82e2382ef0edad33b8213a6533ef9ecfffeecb6ee710bc408ab38456b7,include,th03-main,,,,
th03/main/player/players[bss].asm,955129ea9d74445d99df04675d7b8f92ea4f411b3436ca9d2a8143f6b8430d0a,translation-unit,th03-main,,,,
th03/main/player/score[bss].asm,662db6fefbe17f3bda43d8a593365b17c8f63414a05731c955f4ac9988164535,translation-unit,th03-main,,,,
th03/main/player/score_add.asm,a856e9f0fe66d97c1d5b0abab81bd6fec2a81b0b7db9d1baa23c7b787591fc66,translation-unit,th03-main,,,,
th03/main/player/shot.cpp,c5a780b99470da985e467cfb2afdeb28e47fdd72e7772fa79dd741cc9296a869,translation-unit,th03-main,,,th03-main,th03-main
th03/main/player/shot.hpp,18d0b52745a30d12ba4c199a9ca6e4e616744d6f02973f48ab51540b009d67b9,include,th03-main,,,,
th03/main/player/shots[bss].asm,45da3222cf4364cc7e9e180ad21ce5c61c6b1005519c1bea5e8870e5ef61b5a3,translation-unit,th03-main,,,,
th03/main/player/stuff.cpp,7172c09149a1746bbbf911507be2f6b8a33edd774b3bb9d276f44d24308f10bf,translation-unit,th03-main,,,th03-main,th03-main
th03/main/player/stuff.hpp,60725a4b73c5b56dc041b95210a6a284fbf29d4a66e61804074902a46c110a15,include,th03-main,,,,
th03/main/playfield_fg_x[bss].asm,b3c567857d2cee9dafb4b56918b95581d27492675b90173a1fb1420aeb609622,translation-unit,th03-main,,,,
th03/main/playfld.cpp,00991cd6bde89c2816c39bdec31f0b74998c166f361451f30e9d9a4aa594fdf3,translation-unit,th03-main,,,th03-main,th03-main
th03/main/playfld.hpp,ab56f703295695528d350249d99b19805e21daff7550c1a5789f3f70df350e90,include,th03-main,,,,
th03/main/playfld.inc,b0c28298bc17eabb451e8c0de82387c6c762e42de55316a487e34f3bfec961be,include,th03-main,,,,
th03/main/round.hpp,1ea2aec4060066443e35f2303ab131d09b569ab3dad2441fa0c7ab22865cbbd7,include,th03-main,,,,
th03/main/score.hpp,5768d5773d13a57650aabb66390ae31b47c1317790f0ac0f38e8d31eb6c1a51f,include,th03-main,,,,
th03/main/sprite16.cpp,4d6078a1bec9415895ef840bbba77cc20750fa4214a96c7c8d7564a42717131c,translation-unit,th03-main,,,th03-main,th03-main
th03/main/sprite16.hpp,01d4fca0265de54306d02d6c5d5b2f4d598df9e21d415a6cfad451ac561001ca,include,th03-main,,,,
th03/main/v_colors.hpp,e99b417ecfee390383f510baebb5b07b18e269d5091ade12f2dd748f2db0e3d3,include,th03-main,,,,
th03/main_010.cpp,e5422afbecf874b0458dc83731941a39230d60628fd05d236465a8e2069d37a0,translation-unit,th03-main,th03-main,,th03-main,th03-main
th03/mainl/screens.cpp,a9de3cac6a0fee5c0d9e01e1e0479cf9e3dd6d39edb1f4ae07247b65aaa3ca3e,translation-unit,th03-mainl,,,,
th03/mainl_sc.cpp,160916a9dc037655e03a8f87f51ce5990e934e177302bacfdfb225677c068ca0,translation-unit,th03-mainl,th03-mainl,,,
th03/math/polar.cpp,6200a559c5e9b5bc8b2b20df62c159fc6f71342b54f61bbe07dab85147830d5f,translation-unit,th03-main;th03-op,,,th03-main,th03-main
th03/math/polar.hpp,7eef0c0ff708b06d13ca542443c05075f38207d85d171ac2bec2c4ffd3673079,include,th03-main;th03-op,,,,
th03/math/randring.hpp,3e9bd5bd0e4ef6cac87cf00c12c0031869c084471295c26d89486b4f0bd3133f,include,th03-main,,,,
th03/math/randring.inc,183a40da222e445a62893a623b0350ce0151af55336dc1fe8e56e5f1eb8d181f,include,th03-main;th03-mainl,,,,
th03/math/randring_fill.asm,47651ba3050ed8d72c89b08e42b325b0606e6027826f40a3b919bd79c637f85b,translation-unit,th03-main,,,,
th03/math/subpixel.inc,ff7144a239f8ce89b9247fc81336a3400bb48994d27d40d2067a67f5c4ae70ce,include,th03-main,,,,
th03/math/vector.cpp,66fe3480e381f16afbb071c257428d8fac87778d80646cc644874f3003c79d35,translation-unit,th03-main;th03-mainl,,,th03-main,th03-main
th03/math/vector.hpp,84427a48a136f0054b85114c4260ce484f84123dbf9e374643fc4659e2dbea16,include,th03-main;th03-mainl,,,,
th03/mrs.cpp,7c441037903d8d18d5afe5abe06d6224d602e85f030e60787a1046124adc451d,translation-unit,th03-main,th03-main,,th03-main,th03-main
th03/op/m_main.cpp,05e2a170a09bb5aa08cec1e7a6d3eb9484a86c1914b7e34f70dc853886c604df,translation-unit,th03-op,,,,
th03/op/m_main.hpp,96812354e09ca05eeb5d617d8f404ff2049bad765823bf07d70d9cd61f411d3c,include,th03-op,,,,
th03/op/m_select.cpp,0842bbde2df401a7ca2d9d22790a92b7527b1d2bd5d7868ce02b4ec5324706d2,translation-unit,th03-op,,,,
th03/op/m_select.hpp,103db7be7313dc3bbef0cb28305c0d03b4b01effaacb9f707deaba62b70f9cfb,include,th03-op,,,,
th03/op_01.cpp,cf75e67ced76e6dd6600d3d1d16e9fc8b37fb1eb74c3859fef9b6cf56d0042cc,translation-unit,th03-op,th03-op,,,
th03/op_02.cpp,a3e757419f8bf912a07f15ea8388b9de9fdbd9293fcc33958b50f2b52ba3e6d6,translation-unit,th03-op,th03-op,,,
th03/op_main.cpp,807cb44ce818484617448ba4d87418567f380d53a600634f13e29b909c41c852,translation-unit,th03-op,th03-op,,,
th03/op_music.cpp,6af2dc1efe4aed790dc5bc1dd760b56ed59e227b55f4476411848f0b0ff3680a,translation-unit,th03-op,th03-op,,,
th03/op_sel.cpp,856dd8584c8d2c94ea5ba6f26b2263b0d0f9de16bd74e4684f54a660ebd779fc,translation-unit,th03-op,th03-op,,,
th03/p_combo.cpp,cf75d37be524b094af21d77391603fb7917838d9a259a54a8b9cab63d8be8c59,translation-unit,th03-main,th03-main,,th03-main,th03-main
th03/p_exatt.cpp,49b0f8dd84fab674b883edb0a92739dafeb34428de60f4ad2cee3bbda282489d,translation-unit,th03-main,th03-main,,th03-main,th03-main
th03/p_gauge.cpp,751bc45c365c28fae34bd8f4632064cc2b5121b3c24077fcac01c69dd651255f,translation-unit,th03-main,th03-main,,th03-main,th03-main
th03/p_shot.cpp,92bd119a6cf7bb8d90eacbb03da504c7996fb536d4fe62de4deaa73c5b8d237e,translation-unit,th03-main,th03-main,,th03-main,th03-main
th03/pi_load.cpp,5e4b56bef17c2671542243af73db8c2b4007bc0fcc77fecc62893d5fb910f221,translation-unit,th03-main;th03-mainl;th03-op,th03-main;th03-mainl;th03-op,,th03-main,th03-main
th03/pi_put.cpp,7018617d0d2e1128fd45de4ca578ce42027e5fa56be7393e6259a8f9a0ec2c6f,translation-unit,th03-mainl;th03-op,th03-mainl;th03-op,,,
th03/pi_put_i.cpp,82a9a9f925f15731ae9c64fe66077d7a61ac9d099a866feca031e9770e22f03e,translation-unit,th03-mainl,th03-mainl,,,
th03/pi_put_q.cpp,b6bbaa55c2784be98118c900de39def9822e116baacbd4edb1ce879db3405341,translation-unit,th03-mainl,th03-mainl,,,
th03/playchar.hpp,3575e375751362269c69af4d95b1f2044fe4a8a39c6eec2cb77e750e64d414a3,include,th03-main;th03-mainl;th03-op;th03-zun,,,,
th03/player_m.cpp,e6771863689b8eed43ece08b9f0fe40e7addbbe7d57945ac85384be5aeec3244,translation-unit,th03-main,th03-main,,th03-main,th03-main
th03/playfld.cpp,e625e8017b45c40aa3f3d9bf2c08cd0201f985b3b49ccde5bae5e1c97984adc7,translation-unit,th03-main,th03-main,,th03-main,th03-main
th03/polar.cpp,8c6065f1446148e6812816747fabe5bbb1be3a2b71f69061c00bc7a6295a1a86,translation-unit,th03-main;th03-op,th03-main;th03-op,,th03-main,th03-main
th03/regist.cpp,f5143dc61106d80e7d8cb6806ae720ca54547180459f12753cc64cc7a2218976,translation-unit,th03-mainl,th03-mainl,,,
th03/res_yume.cpp,c66c09511fe49bfa7a02cbb6640558bc4939da91636f3b39505917bcddc5e8bc,translation-unit,th03-zun,th03-zun,,,
th03/resident.hpp,c1d13ac8cc947ff952efb5f16b88f91e58f902e22880d0cc4f829a45f0463f58,include,th03-main;th03-mainl;th03-op;th03-zun,,,,
th03/score.hpp,a9dea1fd2be45499bacc1b010b121fcd518641c92f151305d6153e1e9de20273,include,th03-main;th03-mainl;th03-op;th03-zun,,,,
th03/scoredat.cpp,40698d1e3b90d887e493f821b6cd1574c99e659bbe0d117aba5b3cc4d2da3e22,translation-unit,th03-mainl;th03-op,th03-mainl;th03-op,,,
th03/shiftjis/bgm.hpp,0b4b33aa0e9b004dd7b4bd12658aa2d197055a78b9f273452d622d0666cc929c,include,th03-op,,,,
th03/shiftjis/fns.hpp,3aa70029fb04788bdec25ce775e2dc32a138c803b4e19a86695a19d55b1df3e6,include,th03-op,,,,
th03/shiftjis/fnshared.hpp,5cd16bd573209f3b21fb084e6196cbf2e1cb8d2e538f5329e5b2570c16a0eee7,include,unassigned,,,,
th03/shiftjis/main.hpp,fad72e41b20aa479717e9c9861dd782119145a0045d05c4613766dae99c0bb2e,include,th03-op,,,,
th03/shiftjis/music.hpp,a799543c20e12bb6448faefe4e3a12da6d1938199176079cf918201c33416d63,include,th03-op,,,,
th03/shiftjis/regist.hpp,5e13629d70746110d0eb8ee35b9b61266fb9f4715cd7ebba5d119b72ae8d9bd6,include,th03-mainl,,,,
th03/snd/delaymea.cpp,79c903a8164efcc973c7e2d88ef37af0fd61d7e8fd7c2501b005383a6e985d0c,translation-unit,th03-mainl,,,,
th03/snd/se_priority[data].asm,2aba6302ec1ed7e8ba3bd41093e4c78960409141016df18c6a523dc3a56848fe,translation-unit,th03-main;th03-mainl,,,,
th03/snd/se_state[data].asm,1e98ed5e8dc00c82548b3a9d5c1e299afd3e8af4349a2f9f821217adc0e80dfa,translation-unit,th03-main;th03-mainl,,,,
th03/snd/snd.h,6027d1e02d4f99596eeb5fb0316929ae7366e87446203824acf32e82ff16f8c3,include,th03-main;th03-mainl;th03-op,,,,
th03/snd_dlym.cpp,10884d0b7849385cbef5f30da325e0adc9e7956e7d6a192e534128e6a10d0e5b,translation-unit,th03-mainl,th03-mainl,,,
th03/snd_kaja.cpp,24e9756fbbe975c04d07ca9d14b518e22899821eff7a10b63ae9ffedb98a5d8f,translation-unit,th03-main;th03-mainl;th03-op,th03-main;th03-mainl;th03-op,,th03-main,th03-main
th03/snd_se.cpp,ec7df9acc78e58e85c12cac2d06728359e9017328df048cefbf30ed074d3f97b,translation-unit,th03-main;th03-mainl,th03-main;th03-mainl,,th03-main,th03-main
th03/sprite16.cpp,56b2754db7374fbadc99ec07a6fc4599650e0d110904c9fec56cff22c3d2d1b7,translation-unit,th03-main,th03-main,,th03-main,th03-main
th03/sprite16.inc,d109daf05a7579869998b8a396e597b918e0d7fc573bae72ca89526eaa6fd917,include,th03-main,,,,
th03/sprite16[bss].asm,3c22729848c2c9c032a32e1c6e403afbadab4edb551b434ee5ace8b4a7bee36b,translation-unit,th03-main,,,,
th03/sprites/flake.bmp,4a7e711c90e0a225455699e5105e73d35c01e8ee39e3392b0a97528da768e99c,asset-metadata-only,unassigned,,,,
th03/sprites/flake.h,4b17df41264e039ecc9ff4d7ef3493b769fac76227a289e1fdcd375416e47e21,include,th03-mainl,,,,
th03/sprites/main_s16.hpp,0c15e9ced0a52531e810358db2d7101583642069140b60b1102292e2d6ab3790,include,th03-main,,,,
th03/sprites/main_s16.inc,6f8f13a80c57ba96d4b2aa27a48088a8b4bc6ce2d05b255be95cc25ae7aea540,include,th03-main,,,,
th03/sprites/op_cdg.hpp,350f5a48de06b4858d82ac8ec5a0b624fca8ee9a868f4687c5731f94415d7795,include,th03-op,,,,
th03/sprites/opwin.hpp,fad03c4cbd494f36b68193187dfef3f713950713cadae6511b322e9efd82fa7f,include,th03-op,,,,
th03/sprites/pellet.bmp,525183b735bc6b7c8bac2904e44fdd58589c0767297acd668cd84f5e97b093e9,asset-metadata-only,unassigned,,,,
th03/sprites/pellet.h,9c67396e35a37bf445f752faa4e3c8e59b865df876b6f985a1d48060778dc965,include,th03-main,,,,
th03/sprites/playchar.hpp,e7ae52058e7f6d25e8f9f2f3b46329fc6135583e0a97f87d05095489755d34a4,include,th03-mainl,,,,
th03/sprites/player.hpp,be4aa6920020b11e85b25fa4310ab0c11fdb5a24fbbac8be7298bd9707d76049,include,th03-main,,,,
th03/sprites/pointnum.hpp,3a2cfb0016f7586c413752d59982052f773436d6d60e6735cf9090f29e473913,include,unassigned,,,,
th03/sprites/regi.h,6b1114f268aef0edbe4ae58d427c208178db550748d6b574d32cbebc6b04ca3f,include,th03-mainl;th03-op,,,,
th03/sprites/regi.inc,5de01de53dc19eb3b5ee7fe218c61ebe166aa06462c1725852f6b44776e31c0c,include,th03-mainl,,,,
th03/sprites/score.bmp,c47bf5f09d00eb70ab4e5274d15d1418dc7dbd26bffb3e12533dbde3a0e672c7,asset-metadata-only,unassigned,,,,
th03/sprites/score.hpp,d58cde1e4d19af53b50f6173581d91117f50dbe77d43a4e4fe86d918c1a2e5c0,include,unassigned,,,,
th03/staff.cpp,4e2fb5ce24cb1df5cdeb6ee458f1552d3ddfcf2821eca2d0a69c80449a70844c,translation-unit,th03-mainl,th03-mainl,,,
th03/th03.inc,8fe390f050f785440c55bd7c320c9f57c9f9fdc04c1fc9fa819d41c4e1ab7920,include,th03-main;th03-mainl,,,,
th03/vector.cpp,66a494fb59a4a26d045e42949806d0a747dc00aa0753bbaf48753258c0dafc3b,translation-unit,th03-main;th03-mainl,th03-main;th03-mainl,,th03-main,th03-main
th03_main.asm,94c52b803ebcf3df018c18cffc35891f074c45b3cafbf5927db1907024f54d62,translation-unit,th03-main,th03-main,th03/sprites/pellet.asp;th03/sprites/score.asp,,
th03_mainl.asm,0144b4c14d948a993d5da4f9591ea39c0f17772cba9cd47a6eda1e8e52a283d6,translation-unit,th03-mainl,th03-mainl,th03/sprites/flake.asp,,
th03_op.asm,9e041cbf117a9087f95713e55693ffea72abc0a81159b648a5ba95aa24870e25,translation-unit,th03-op,th03-op,,,
th04/formats/cfg.hpp,5ce5692d2a238e1b35ffeb578d925f2d00f714f05bf4ae80c488d4e5134756c1,include,th03-main;th03-mainl;th03-op,,,,
th04/gaiji/gaiji.h,6899114f682a5572f6d925ba6fdf9967d40821ea30dd6f851a94751c7a30f6e2,include,th03-mainl,,,,
th04/hardware/bgimage.hpp,af5b67c793dcae1d835f5f69532b7bbbd6b6f3cdd639d90f2441f4e64927fce0,include,th03-mainl;th03-op,,,,
th04/hardware/grppsafx.h,ab2a9b8e11f8d598fa7f8465b85a3138c923fa5404e1e890aa7c7ed49b8ff921,include,th03-mainl;th03-op,,,,
th04/hardware/input.h,b3759f6c1a6d3fb0845e30753f37098c97ed360090f43324c8e6819f8645867f,include,th03-mainl;th03-op,,,,
th04/hardware/inputvar.h,536dfe97507bb2cadbc5164f262bd9a55bfd154b6e7759bd74f6ec6e2c6af54a,include,th03-mainl;th03-op,,,,
th04/shiftjis/bgm.hpp,833bcc1fabc494aed27c60b9f292c9f65688a772b30074ed53a121a8ce6c7176,include,th03-op,,,,
th04/shiftjis/fnshared.hpp,04e01d55d93c6be160fdbfc9f270bb3d39477ae061d1f430e1f1d3dd72c9bbb4,include,th03-op,,,,
th04/shiftjis/music.hpp,ce31d2c2b8f952701ccd5e0e1a6a93e54b81861876a58507ddb5b409fb470e22,include,th03-op,,,,
th04/snd/snd.h,696d58bc0fa704e9b27c16125a3ff943f80d6b369a635762e814921d275a3feb,include,th03-main;th03-mainl;th03-op,,,,
th05/formats/pi.hpp,dd2ddf59b0ca49838b635b94ce04c1e520a3a606704d64e08cf86bb6d5bf8cf1,include,th03-mainl;th03-op,,,,
th05/hardware/input.h,f7ca646c859e94501f9009102f94a79c13c0f1538dcfa2ceeb711ef0aa9eeab7,include,th03-mainl;th03-op,,,,
th05/op/piano.hpp,2cd32dfa71845b39e365fac9a4af93426dee9f48a1ceccbf1b3b97d305ebf470,include,th03-op,,,,
th05/shiftjis/bgm.hpp,341cd0457fbf4e0bb47d243b36edf2b7ab14fc8b3442f9ddd33a30352cb5d94c,include,th03-op,,,,
th05/shiftjis/fns.hpp,c2a17abb03c9f8837fd35bd934342e6c42e2e335083d96c738582e1fda6aa455,include,th03-op,,,,
th05/shiftjis/music.hpp,b11dcce33fc4e9492148230083c48345d9f1fc1073cfea50acfb5e153ade9971,include,th03-op,,,,
twobyte.inc,ebe96bde9fee9c1517b9caa12b37b91f25f787414898f457c3551f84ed8796e7,include,th03-main;th03-mainl;th03-op,,,,
x86real.h,677ec374af7a6b5887132a926e2d6b20c54ddf9be1b3fff325478b41207e4d4d,include,th03-main;th03-mainl;th03-op;th03-zun,,,,
