artifact,path,frozen_revision,frozen_sha256,scope,state,unit_ids,evidence_ids,failed_evidence_ids,carrier_bytes,covered_bytes,gap_bytes,raw_equal,ordered_relocations_equal,source_accepted,exact_accepted,receipt,notes
th03-mainl,th01/vplanset.cpp,b6ba5b0a529edbb31efdf8c0e939263804f8ee47,811b8b745103801f5a08fe2066aa1d8a90f5a698b4b3f29a12828e96d07cb00b,decoded-linked-CODE-only,code-covered-candidate,th03-mainl-decoded-linked-tail-planes,ev-th03-mainl-linked-tail-cold-raw;ev-th03-mainl-linked-tail-complete-analysis;ev-th03-mainl-linked-tail-controls;ev-th03-mainl-linked-tail-cpu-contracts;ev-th03-mainl-linked-tail-source-lineage;ev-th03-mainl-linked-tail-stored-db-check,,41,41,0,true,true,false,false,.analysis/sol-mainl-linked-tail-review-20261006.json,"Candidate diagnostics only. Whole-file review, headers, DATA/BSS, dependency ownership, physical devices, canonical storage and the complete Oracle set remain open."
th03-mainl,th02/frmdely1.cpp,b6ba5b0a529edbb31efdf8c0e939263804f8ee47,8d72ee835bea035f9136092e1733c5a39b71401444d72c252ed38fc9fbec0f92,decoded-linked-CODE-only,code-covered-candidate,th03-mainl-decoded-linked-tail-delay,ev-th03-mainl-linked-tail-cold-raw;ev-th03-mainl-linked-tail-complete-analysis;ev-th03-mainl-linked-tail-controls;ev-th03-mainl-linked-tail-cpu-contracts;ev-th03-mainl-linked-tail-source-lineage;ev-th03-mainl-linked-tail-stored-db-check,,21,21,0,true,true,false,false,.analysis/sol-mainl-linked-tail-review-20261006.json,"Candidate diagnostics only. Whole-file review, headers, DATA/BSS, dependency ownership, physical devices, canonical storage and the complete Oracle set remain open."
th03-mainl,th02/snd_dlyv.c,b6ba5b0a529edbb31efdf8c0e939263804f8ee47,fa852c02f348b88ab89a517862f1ce3dc66dbcff08fd3a266ac6415a80e1d6c3,decoded-linked-CODE-only,code-covered-candidate,th03-mainl-decoded-linked-tail-producer-009f;th03-mainl-decoded-sound-volume,ev-th03-mainl-linked-tail-cold-raw;ev-th03-mainl-linked-tail-complete-analysis;ev-th03-mainl-linked-tail-controls;ev-th03-mainl-linked-tail-cpu-contracts;ev-th03-mainl-linked-tail-source-lineage;ev-th03-mainl-linked-tail-stored-db-check;ev-th03-mainl-sound-cached-producers;ev-th03-mainl-sound-cached-raw;ev-th03-mainl-sound-complete-analysis;ev-th03-mainl-sound-controls;ev-th03-mainl-sound-cpu-contracts;ev-th03-mainl-sound-table-data,,28,28,0,true,true,false,false,.analysis/sol-mainl-linked-tail-review-20261006.json,"Candidate diagnostics only. Whole-file review, headers, DATA/BSS, dependency ownership, physical devices, canonical storage and the complete Oracle set remain open."
th03-mainl,th02/snd_load.cpp,b6ba5b0a529edbb31efdf8c0e939263804f8ee47,ce040c0142283320ef06c36942f2cee14de69132b23a019957485a2b46ab85a2,decoded-linked-CODE-only,code-covered-candidate,th03-mainl-decoded-sound-load,ev-th03-mainl-sound-cached-producers;ev-th03-mainl-sound-cached-raw;ev-th03-mainl-sound-complete-analysis;ev-th03-mainl-sound-controls;ev-th03-mainl-sound-cpu-contracts;ev-th03-mainl-sound-table-data,,112,112,0,true,true,false,false,.analysis/sol-mainl-linked-tail-review-20261006.json,"Candidate diagnostics only. Whole-file review, headers, DATA/BSS, dependency ownership, physical devices, canonical storage and the complete Oracle set remain open."
th03-mainl,th02/snd_mode.c,b6ba5b0a529edbb31efdf8c0e939263804f8ee47,165169c113e769b21ac46229b6115e1e968cb8b358aa62ed845286ba101613f9,decoded-linked-CODE-only,code-covered-candidate,th03-mainl-decoded-linked-tail-producer-0049;th03-mainl-decoded-sound-mode,ev-th03-mainl-linked-tail-cold-raw;ev-th03-mainl-linked-tail-complete-analysis;ev-th03-mainl-linked-tail-controls;ev-th03-mainl-linked-tail-cpu-contracts;ev-th03-mainl-linked-tail-source-lineage;ev-th03-mainl-linked-tail-stored-db-check;ev-th03-mainl-sound-cached-producers;ev-th03-mainl-sound-cached-raw;ev-th03-mainl-sound-complete-analysis;ev-th03-mainl-sound-controls;ev-th03-mainl-sound-cpu-contracts;ev-th03-mainl-sound-table-data,,30,30,0,true,true,false,false,.analysis/sol-mainl-linked-tail-review-20261006.json,"Candidate diagnostics only. Whole-file review, headers, DATA/BSS, dependency ownership, physical devices, canonical storage and the complete Oracle set remain open."
th03-mainl,th02/snd_pmdr.c,b6ba5b0a529edbb31efdf8c0e939263804f8ee47,02b50a0f820c19f5523d28ad4b7e3f16e2f9dd7d75273059e3e22c46bdc26bba,decoded-linked-CODE-only,code-covered-candidate,th03-mainl-decoded-linked-tail-producer-0083;th03-mainl-decoded-sound-pmd,ev-th03-mainl-linked-tail-cold-raw;ev-th03-mainl-linked-tail-complete-analysis;ev-th03-mainl-linked-tail-controls;ev-th03-mainl-linked-tail-cpu-contracts;ev-th03-mainl-linked-tail-source-lineage;ev-th03-mainl-linked-tail-stored-db-check;ev-th03-mainl-sound-cached-producers;ev-th03-mainl-sound-cached-raw;ev-th03-mainl-sound-complete-analysis;ev-th03-mainl-sound-controls;ev-th03-mainl-sound-cpu-contracts;ev-th03-mainl-sound-table-data,,58,58,0,true,true,false,false,.analysis/sol-mainl-linked-tail-review-20261006.json,"Candidate diagnostics only. Whole-file review, headers, DATA/BSS, dependency ownership, physical devices, canonical storage and the complete Oracle set remain open."
th03-mainl,th02/snd_se_r.cpp,b6ba5b0a529edbb31efdf8c0e939263804f8ee47,70fb8ccaf7b0203cc5f4e1662b826714b79bc758a3ae92a9fb7a3e7aa35b8f2d,decoded-linked-CODE-only,code-covered-candidate,th03-mainl-decoded-linked-tail-producer-0669;th03-mainl-decoded-sound-reset,ev-th03-mainl-linked-tail-cold-raw;ev-th03-mainl-linked-tail-complete-analysis;ev-th03-mainl-linked-tail-controls;ev-th03-mainl-linked-tail-cpu-contracts;ev-th03-mainl-linked-tail-source-lineage;ev-th03-mainl-linked-tail-stored-db-check;ev-th03-mainl-sound-cached-producers;ev-th03-mainl-sound-cached-raw;ev-th03-mainl-sound-complete-analysis;ev-th03-mainl-sound-controls;ev-th03-mainl-sound-cpu-contracts;ev-th03-mainl-sound-table-data,,12,12,0,true,true,false,false,.analysis/sol-mainl-linked-tail-review-20261006.json,"Candidate diagnostics only. Whole-file review, headers, DATA/BSS, dependency ownership, physical devices, canonical storage and the complete Oracle set remain open."
th03-mainl,th03/cdg_load.cpp,b6ba5b0a529edbb31efdf8c0e939263804f8ee47,74995cf9737da98f3ec0081873979e0d9d26fd14a2632a484722dc42d7be1e24,decoded-linked-CODE-only,code-covered-candidate,th03-mainl-decoded-cdg-load-all;th03-mainl-decoded-cdg-load-all-noalpha;th03-mainl-decoded-cdg-load-free;th03-mainl-decoded-cdg-load-single;th03-mainl-decoded-cdg-load-single-noalpha,ev-th03-mainl-cdg-load-cached-providers;ev-th03-mainl-cdg-load-cached-raw-equality;ev-th03-mainl-cdg-load-complete-analysis;ev-th03-mainl-cdg-load-cpu-file-heap-model;ev-th03-mainl-cdg-load-original-relocation-equality;ev-th03-mainl-shared-cdg-complete-analysis;ev-th03-mainl-shared-cdg-controls;ev-th03-mainl-shared-cdg-database;ev-th03-mainl-shared-cdg-frozen-lineage;ev-th03-mainl-shared-cdg-native-contracts;ev-th03-mainl-shared-cdg-ordered-equality;ev-th03-mainl-shared-cdg-raw-equality,,593,593,0,true,true,false,false,.analysis/sol-mainl-linked-tail-review-20261006.json,"Candidate diagnostics only. Whole-file review, headers, DATA/BSS, dependency ownership, physical devices, canonical storage and the complete Oracle set remain open."
th03-mainl,th03/cdg_p_na.asm,b6ba5b0a529edbb31efdf8c0e939263804f8ee47,37f3f62ecfef76b78944bf902df17cae670fbcb1da90db9ff2c98b6021379d58,decoded-linked-CODE-only,code-covered-candidate,th03-mainl-decoded-cdg-put-noalpha;th03-mainl-decoded-linked-tail-producer-0fa3,ev-th03-mainl-cdg-put-cached-providers;ev-th03-mainl-cdg-put-cached-raw-equality;ev-th03-mainl-cdg-put-complete-analysis;ev-th03-mainl-cdg-put-cpu-flat-memory-model;ev-th03-mainl-cdg-put-original-relocation-equality;ev-th03-mainl-linked-tail-cold-raw;ev-th03-mainl-linked-tail-complete-analysis;ev-th03-mainl-linked-tail-controls;ev-th03-mainl-linked-tail-cpu-contracts;ev-th03-mainl-linked-tail-source-lineage;ev-th03-mainl-linked-tail-stored-db-check,,114,114,0,true,true,false,false,.analysis/sol-mainl-linked-tail-review-20261006.json,"Candidate diagnostics only. Whole-file review, headers, DATA/BSS, dependency ownership, physical devices, canonical storage and the complete Oracle set remain open."
th03-mainl,th03/cdg_put.asm,b6ba5b0a529edbb31efdf8c0e939263804f8ee47,51560f98850b7a59bf7d4378b1efde8d851847d1a3553ffa9dc924141a652683,decoded-linked-CODE-only,code-covered-candidate,th03-mainl-decoded-cdg-put-alpha;th03-mainl-decoded-cdg-put-hflip;th03-mainl-decoded-linked-tail-producer-02a7;th03-mainl-decoded-linked-tail-producer-0371,ev-th03-mainl-cdg-put-cached-providers;ev-th03-mainl-cdg-put-cached-raw-equality;ev-th03-mainl-cdg-put-complete-analysis;ev-th03-mainl-cdg-put-cpu-flat-memory-model;ev-th03-mainl-cdg-put-original-relocation-equality;ev-th03-mainl-linked-tail-cold-raw;ev-th03-mainl-linked-tail-complete-analysis;ev-th03-mainl-linked-tail-controls;ev-th03-mainl-linked-tail-cpu-contracts;ev-th03-mainl-linked-tail-source-lineage;ev-th03-mainl-linked-tail-stored-db-check,,382,382,0,true,true,false,false,.analysis/sol-mainl-linked-tail-review-20261006.json,"Candidate diagnostics only. Whole-file review, headers, DATA/BSS, dependency ownership, physical devices, canonical storage and the complete Oracle set remain open."
th03-mainl,th03/cfg_lres.cpp,b6ba5b0a529edbb31efdf8c0e939263804f8ee47,49f32c8c08a1d425ec54a13880e2faf7875f68cf736b8ebd0795432e587eb071,decoded-linked-CODE-only,code-covered-candidate,th03-mainl-decoded-cfg-resident,ev-th03-mainl-decoded-cfg-resident-review,,49,49,0,true,true,false,false,.analysis/sol-mainl-linked-tail-review-20261006.json,"Candidate diagnostics only. Whole-file review, headers, DATA/BSS, dependency ownership, physical devices, canonical storage and the complete Oracle set remain open."
th03-mainl,th03/cutscene.cpp,b6ba5b0a529edbb31efdf8c0e939263804f8ee47,f37eeddbd5bf10e0e4a6a6c8eab39a3ddfcdc859ab2e3332c754e4062b7fce89,decoded-linked-CODE-only,code-covered-candidate,th03-mainl-decoded-cutscene,ev-th03-cutscene-cached-source-omf;ev-th03-cutscene-complete-candidate-analysis;ev-th03-cutscene-root-raw-failure;ev-th03-cutscene-selected-cpu-contracts;ev-th03-cutscene-shifted-pi-body-diagnostics,ev-th03-cutscene-root-raw-failure,3195,3195,0,false,true,false,false,.analysis/sol-mainl-linked-tail-review-20261006.json,"Candidate diagnostics only. Whole-file review, headers, DATA/BSS, dependency ownership, physical devices, canonical storage and the complete Oracle set remain open."
th03-mainl,th03/exit.cpp,b6ba5b0a529edbb31efdf8c0e939263804f8ee47,13183f846ac74026e831cc666fbf7b3cd63a18f48fe2b7747203aa408c1f278b,decoded-linked-CODE-only,code-covered-candidate,th03-mainl-decoded-lifecycle-exit,ev-th03-mainl-lifecycle-cached-producer-association;ev-th03-mainl-lifecycle-cached-raw-equality;ev-th03-mainl-lifecycle-complete-analysis;ev-th03-mainl-lifecycle-cpu-interface-model;ev-th03-mainl-lifecycle-ordered-relocation-equality,,67,67,0,true,true,false,false,.analysis/sol-mainl-linked-tail-review-20261006.json,"Candidate diagnostics only. Whole-file review, headers, DATA/BSS, dependency ownership, physical devices, canonical storage and the complete Oracle set remain open."
th03-mainl,th03/exitmain.cpp,b6ba5b0a529edbb31efdf8c0e939263804f8ee47,8a027612842694031097285813c1850a5986bac4abe84141f48adc28edbc488e,decoded-linked-CODE-only,code-covered-candidate,th03-mainl-decoded-lifecycle-exit-to-main,ev-th03-mainl-lifecycle-cached-producer-association;ev-th03-mainl-lifecycle-cached-raw-equality;ev-th03-mainl-lifecycle-complete-analysis;ev-th03-mainl-lifecycle-cpu-interface-model;ev-th03-mainl-lifecycle-ordered-relocation-equality,,40,40,0,true,true,false,false,.analysis/sol-mainl-linked-tail-review-20261006.json,"Candidate diagnostics only. Whole-file review, headers, DATA/BSS, dependency ownership, physical devices, canonical storage and the complete Oracle set remain open."
th03-mainl,th03/grppsafx.cpp,b6ba5b0a529edbb31efdf8c0e939263804f8ee47,4c72dd176fefd8390ecba4c1f3f17a7b8b786d6163f3560de55cd64a5fb2baf3,decoded-linked-CODE-only,code-covered-candidate,th03-mainl-decoded-graph-putsa-fx,ev-th03-mainl-text-cached-producers;ev-th03-mainl-text-cached-raw;ev-th03-mainl-text-classification-data;ev-th03-mainl-text-complete-analysis;ev-th03-mainl-text-controls;ev-th03-mainl-text-cpu-contracts,,613,613,0,true,true,false,false,.analysis/sol-mainl-linked-tail-review-20261006.json,"Candidate diagnostics only. Whole-file review, headers, DATA/BSS, dependency ownership, physical devices, canonical storage and the complete Oracle set remain open."
th03-mainl,th03/hfliplut.asm,b6ba5b0a529edbb31efdf8c0e939263804f8ee47,ccb5f6014932e25d554d54d20db88d1284498f13964cc3e24d6a47e74e34289c,decoded-linked-CODE-only,code-covered-candidate,th03-mainl-decoded-math-lut,ev-th03-mainl-math-cached-producers;ev-th03-mainl-math-cached-raw;ev-th03-mainl-math-complete-analysis;ev-th03-mainl-math-controls;ev-th03-mainl-math-cpu-contracts;ev-th03-mainl-math-mathematical-data,,30,30,0,true,true,false,false,.analysis/sol-mainl-linked-tail-review-20261006.json,"Candidate diagnostics only. Whole-file review, headers, DATA/BSS, dependency ownership, physical devices, canonical storage and the complete Oracle set remain open."
th03-mainl,th03/initmain.cpp,b6ba5b0a529edbb31efdf8c0e939263804f8ee47,191ef28660b771c290fbeb21f46b33457a2e2d29327f6b5bb2a04c58343cbc38,decoded-linked-CODE-only,code-covered-candidate,th03-mainl-decoded-lifecycle-init,ev-th03-mainl-lifecycle-cached-producer-association;ev-th03-mainl-lifecycle-cached-raw-equality;ev-th03-mainl-lifecycle-complete-analysis;ev-th03-mainl-lifecycle-cpu-interface-model;ev-th03-mainl-lifecycle-ordered-relocation-equality,,62,62,0,true,true,false,false,.analysis/sol-mainl-linked-tail-review-20261006.json,"Candidate diagnostics only. Whole-file review, headers, DATA/BSS, dependency ownership, physical devices, canonical storage and the complete Oracle set remain open."
th03-mainl,th03/inp_m_w.cpp,b6ba5b0a529edbb31efdf8c0e939263804f8ee47,71bc78fc62690c1379610fdffdabebe1e620e2af4faead6a9772c790c2e59fae,decoded-linked-CODE-only,code-covered-candidate,th03-mainl-decoded-input-attract;th03-mainl-decoded-input-change;th03-mainl-decoded-input-cpu-cpu;th03-mainl-decoded-input-cpu-one;th03-mainl-decoded-input-interface;th03-mainl-decoded-input-joy-key;th03-mainl-decoded-input-key-joy;th03-mainl-decoded-input-key-key;th03-mainl-decoded-input-one-cpu,ev-th03-mainl-input-adjacent-producer-hypothesis;ev-th03-mainl-input-cached-producer-association;ev-th03-mainl-input-cached-raw-and-relocations;ev-th03-mainl-input-complete-analysis;ev-th03-mainl-input-cpu-device-clock-model,,367,367,0,true,true,false,false,.analysis/sol-mainl-linked-tail-review-20261006.json,"Candidate diagnostics only. Whole-file review, headers, DATA/BSS, dependency ownership, physical devices, canonical storage and the complete Oracle set remain open."
th03-mainl,th03/inp_wait.cpp,b6ba5b0a529edbb31efdf8c0e939263804f8ee47,ec3f25576ec74a8bd094f4bb6b0db9fd1605a2b3b8b26e62e2c58864cb9770b2,decoded-linked-CODE-only,code-covered-candidate,th03-mainl-decoded-input-measure-wait;th03-mainl-decoded-input-ok-wait,ev-th03-mainl-input-adjacent-producer-hypothesis;ev-th03-mainl-input-cached-producer-association;ev-th03-mainl-input-cached-raw-and-relocations;ev-th03-mainl-input-complete-analysis;ev-th03-mainl-input-cpu-device-clock-model,,126,126,0,true,true,false,false,.analysis/sol-mainl-linked-tail-review-20261006.json,"Candidate diagnostics only. Whole-file review, headers, DATA/BSS, dependency ownership, physical devices, canonical storage and the complete Oracle set remain open."
th03-mainl,th03/input_s.cpp,b6ba5b0a529edbb31efdf8c0e939263804f8ee47,2478edb686a5fb6573b5cd2e9b3a1c39ef099e9d90a3696095e926737a9130ba,decoded-linked-CODE-only,code-covered-candidate,th03-mainl-decoded-input-sense,ev-th03-mainl-input-adjacent-producer-hypothesis;ev-th03-mainl-input-cached-producer-association;ev-th03-mainl-input-cached-raw-and-relocations;ev-th03-mainl-input-complete-analysis;ev-th03-mainl-input-cpu-device-clock-model,,417,417,0,true,true,false,false,.analysis/sol-mainl-linked-tail-review-20261006.json,"Candidate diagnostics only. Whole-file review, headers, DATA/BSS, dependency ownership, physical devices, canonical storage and the complete Oracle set remain open."
th03-mainl,th03/mainl_sc.cpp,b6ba5b0a529edbb31efdf8c0e939263804f8ee47,160916a9dc037655e03a8f87f51ce5990e934e177302bacfdfb225677c068ca0,decoded-linked-CODE-only,code-covered-candidate,th03-mainl-decoded-win-load;th03-mainl-decoded-win-text,ev-th03-mainl-decoded-win-load-review;ev-th03-mainl-decoded-win-text-review,,338,338,0,true,true,false,false,.analysis/sol-mainl-linked-tail-review-20261006.json,"Candidate diagnostics only. Whole-file review, headers, DATA/BSS, dependency ownership, physical devices, canonical storage and the complete Oracle set remain open."
th03-mainl,th03/pi_load.cpp,b6ba5b0a529edbb31efdf8c0e939263804f8ee47,5e4b56bef17c2671542243af73db8c2b4007bc0fcc77fecc62893d5fb910f221,decoded-linked-CODE-only,code-covered-candidate,th03-mainl-decoded-pi-load,ev-th03-mainl-pi-cached-producer-association;ev-th03-mainl-pi-complete-analysis;ev-th03-mainl-pi-complete-cached-failure-partition;ev-th03-mainl-pi-cpu-interface-model;ev-th03-mainl-pi-fixed-layout-failure;ev-th03-mainl-pi-shifted-body-equality,ev-th03-mainl-pi-fixed-layout-failure,70,70,0,true,true,false,false,.analysis/sol-mainl-linked-tail-review-20261006.json,"Candidate diagnostics only. Whole-file review, headers, DATA/BSS, dependency ownership, physical devices, canonical storage and the complete Oracle set remain open."
th03-mainl,th03/pi_put.cpp,b6ba5b0a529edbb31efdf8c0e939263804f8ee47,7018617d0d2e1128fd45de4ca578ce42027e5fa56be7393e6259a8f9a0ec2c6f,decoded-linked-CODE-only,code-gap-candidate,th03-mainl-decoded-pi-palette;th03-mainl-decoded-pi-put,ev-th03-mainl-pi-cached-producer-association;ev-th03-mainl-pi-complete-analysis;ev-th03-mainl-pi-complete-cached-failure-partition;ev-th03-mainl-pi-cpu-interface-model;ev-th03-mainl-pi-fixed-layout-failure;ev-th03-mainl-pi-shifted-body-equality,ev-th03-mainl-pi-fixed-layout-failure,173,172,1,false,false,false,false,.analysis/sol-mainl-linked-tail-review-20261006.json,"Candidate diagnostics only. Whole-file review, headers, DATA/BSS, dependency ownership, physical devices, canonical storage and the complete Oracle set remain open."
th03-mainl,th03/pi_put_i.cpp,b6ba5b0a529edbb31efdf8c0e939263804f8ee47,82a9a9f925f15731ae9c64fe66077d7a61ac9d099a866feca031e9770e22f03e,decoded-linked-CODE-only,code-covered-candidate,th03-mainl-decoded-pi-interlace;th03-mainl-decoded-pi-put,ev-th03-mainl-pi-cached-producer-association;ev-th03-mainl-pi-complete-analysis;ev-th03-mainl-pi-complete-cached-failure-partition;ev-th03-mainl-pi-cpu-interface-model;ev-th03-mainl-pi-fixed-layout-failure;ev-th03-mainl-pi-shifted-body-equality,ev-th03-mainl-pi-fixed-layout-failure,135,135,0,false,false,false,false,.analysis/sol-mainl-linked-tail-review-20261006.json,"Candidate diagnostics only. Whole-file review, headers, DATA/BSS, dependency ownership, physical devices, canonical storage and the complete Oracle set remain open."
th03-mainl,th03/pi_put_q.cpp,b6ba5b0a529edbb31efdf8c0e939263804f8ee47,b6bbaa55c2784be98118c900de39def9822e116baacbd4edb1ce879db3405341,decoded-linked-CODE-only,code-covered-candidate,th03-mainl-decoded-pi-quarter,ev-th03-mainl-pi-cached-producer-association;ev-th03-mainl-pi-complete-analysis;ev-th03-mainl-pi-complete-cached-failure-partition;ev-th03-mainl-pi-cpu-interface-model;ev-th03-mainl-pi-fixed-layout-failure;ev-th03-mainl-pi-shifted-body-equality,ev-th03-mainl-pi-fixed-layout-failure,177,177,0,true,true,false,false,.analysis/sol-mainl-linked-tail-review-20261006.json,"Candidate diagnostics only. Whole-file review, headers, DATA/BSS, dependency ownership, physical devices, canonical storage and the complete Oracle set remain open."
th03-mainl,th03/regist.cpp,b6ba5b0a529edbb31efdf8c0e939263804f8ee47,f5143dc61106d80e7d8cb6806ae720ca54547180459f12753cc64cc7a2218976,decoded-linked-CODE-only,code-covered-candidate,th03-mainl-decoded-regist,ev-th03-regist-cached-source-omf;ev-th03-regist-complete-candidate-analysis;ev-th03-regist-cpu-interface-contracts;ev-th03-regist-root-raw-failure;ev-th03-regist-scoredat-cached-raw,ev-th03-regist-root-raw-failure,2720,2720,0,false,true,false,false,.analysis/sol-mainl-linked-tail-review-20261006.json,"Candidate diagnostics only. Whole-file review, headers, DATA/BSS, dependency ownership, physical devices, canonical storage and the complete Oracle set remain open."
th03-mainl,th03/scoredat.cpp,b6ba5b0a529edbb31efdf8c0e939263804f8ee47,40698d1e3b90d887e493f821b6cd1574c99e659bbe0d117aba5b3cc4d2da3e22,decoded-linked-CODE-only,code-covered-candidate,th03-mainl-decoded-scoredat,ev-th03-regist-cached-source-omf;ev-th03-regist-complete-candidate-analysis;ev-th03-regist-cpu-interface-contracts;ev-th03-regist-root-raw-failure;ev-th03-regist-scoredat-cached-raw,ev-th03-regist-root-raw-failure,229,229,0,true,true,false,false,.analysis/sol-mainl-linked-tail-review-20261006.json,"Candidate diagnostics only. Whole-file review, headers, DATA/BSS, dependency ownership, physical devices, canonical storage and the complete Oracle set remain open."
th03-mainl,th03/snd_dlym.cpp,b6ba5b0a529edbb31efdf8c0e939263804f8ee47,10884d0b7849385cbef5f30da325e0adc9e7956e7d6a192e534128e6a10d0e5b,decoded-linked-CODE-only,code-covered-candidate,th03-mainl-decoded-sound-measure,ev-th03-mainl-sound-cached-producers;ev-th03-mainl-sound-cached-raw;ev-th03-mainl-sound-complete-analysis;ev-th03-mainl-sound-controls;ev-th03-mainl-sound-cpu-contracts;ev-th03-mainl-sound-table-data,,49,49,0,true,true,false,false,.analysis/sol-mainl-linked-tail-review-20261006.json,"Candidate diagnostics only. Whole-file review, headers, DATA/BSS, dependency ownership, physical devices, canonical storage and the complete Oracle set remain open."
th03-mainl,th03/snd_kaja.cpp,b6ba5b0a529edbb31efdf8c0e939263804f8ee47,24e9756fbbe975c04d07ca9d14b518e22899821eff7a10b63ae9ffedb98a5d8f,decoded-linked-CODE-only,code-covered-candidate,th03-mainl-decoded-sound-kaja,ev-th03-mainl-sound-cached-producers;ev-th03-mainl-sound-cached-raw;ev-th03-mainl-sound-complete-analysis;ev-th03-mainl-sound-controls;ev-th03-mainl-sound-cpu-contracts;ev-th03-mainl-sound-table-data,,30,30,0,true,true,false,false,.analysis/sol-mainl-linked-tail-review-20261006.json,"Candidate diagnostics only. Whole-file review, headers, DATA/BSS, dependency ownership, physical devices, canonical storage and the complete Oracle set remain open."
th03-mainl,th03/snd_se.cpp,b6ba5b0a529edbb31efdf8c0e939263804f8ee47,ec7df9acc78e58e85c12cac2d06728359e9017328df048cefbf30ed074d3f97b,decoded-linked-CODE-only,code-covered-candidate,th03-mainl-decoded-sound-play;th03-mainl-decoded-sound-update,ev-th03-mainl-sound-cached-producers;ev-th03-mainl-sound-cached-raw;ev-th03-mainl-sound-complete-analysis;ev-th03-mainl-sound-controls;ev-th03-mainl-sound-cpu-contracts;ev-th03-mainl-sound-table-data,,120,120,0,true,true,false,false,.analysis/sol-mainl-linked-tail-review-20261006.json,"Candidate diagnostics only. Whole-file review, headers, DATA/BSS, dependency ownership, physical devices, canonical storage and the complete Oracle set remain open."
th03-mainl,th03/staff.cpp,b6ba5b0a529edbb31efdf8c0e939263804f8ee47,4e2fb5ce24cb1df5cdeb6ee458f1552d3ddfcf2821eca2d0a69c80449a70844c,decoded-linked-CODE-only,code-covered-candidate,th03-mainl-decoded-staff-flake,ev-th03-mainl-decoded-staff-flake-boundary-review;ev-th03-mainl-staff-cached-code-raw;ev-th03-mainl-staff-cached-source-omf;ev-th03-mainl-staff-complete-code-analysis;ev-th03-mainl-staff-constructed-runtime;ev-th03-mainl-staff-generated-relocation-order,ev-th03-mainl-staff-generated-relocation-order,76,76,0,true,true,false,false,.analysis/sol-mainl-linked-tail-review-20261006.json,"Candidate diagnostics only. Whole-file review, headers, DATA/BSS, dependency ownership, physical devices, canonical storage and the complete Oracle set remain open."
th03-mainl,th03/vector.cpp,b6ba5b0a529edbb31efdf8c0e939263804f8ee47,66a494fb59a4a26d045e42949806d0a747dc00aa0753bbaf48753258c0dafc3b,decoded-linked-CODE-only,code-covered-candidate,th03-mainl-decoded-linked-tail-producer-0155;th03-mainl-decoded-math-between;th03-mainl-decoded-math-vector,ev-th03-mainl-linked-tail-cold-raw;ev-th03-mainl-linked-tail-complete-analysis;ev-th03-mainl-linked-tail-controls;ev-th03-mainl-linked-tail-cpu-contracts;ev-th03-mainl-linked-tail-source-lineage;ev-th03-mainl-linked-tail-stored-db-check;ev-th03-mainl-math-cached-producers;ev-th03-mainl-math-cached-raw;ev-th03-mainl-math-complete-analysis;ev-th03-mainl-math-controls;ev-th03-mainl-math-cpu-contracts;ev-th03-mainl-math-mathematical-data,,160,160,0,true,true,false,false,.analysis/sol-mainl-linked-tail-review-20261006.json,"Candidate diagnostics only. Whole-file review, headers, DATA/BSS, dependency ownership, physical devices, canonical storage and the complete Oracle set remain open."
th03-mainl,th03_mainl.asm,b6ba5b0a529edbb31efdf8c0e939263804f8ee47,0144b4c14d948a993d5da4f9591ea39c0f17772cba9cd47a6eda1e8e52a283d6,decoded-linked-CODE-only,code-covered-candidate,th03-mainl-decoded-bfnt-library;th03-mainl-decoded-buffer-close;th03-mainl-decoded-buffer-dos-open;th03-mainl-decoded-buffer-fill;th03-mainl-decoded-buffer-getc;th03-mainl-decoded-buffer-open;th03-mainl-decoded-buffer-read;th03-mainl-decoded-buffer-seek;th03-mainl-decoded-buffer-seek-base;th03-mainl-decoded-dos-close;th03-mainl-decoded-dos-setvect;th03-mainl-decoded-draw-gaiji;th03-mainl-decoded-draw-noclip;th03-mainl-decoded-draw-pack;th03-mainl-decoded-draw-scroll;th03-mainl-decoded-draw-show;th03-mainl-decoded-draw-table;th03-mainl-decoded-egc-library;th03-mainl-decoded-file-dos-helpers;th03-mainl-decoded-file-library;th03-mainl-decoded-gaiji-backup;th03-mainl-decoded-gaiji-load;th03-mainl-decoded-gaiji-read;th03-mainl-decoded-gaiji-write;th03-mainl-decoded-gdc-outpw;th03-mainl-decoded-graph-extmode;th03-mainl-decoded-grcg-box-library;th03-mainl-decoded-heap-manager;th03-mainl-decoded-palette-bfnt;th03-mainl-decoded-palette-black-fades;th03-mainl-decoded-palette-rgb;th03-mainl-decoded-palette-show;th03-mainl-decoded-palette-wait-white-fades;th03-mainl-decoded-pfint21;th03-mainl-decoded-pfopen;th03-mainl-decoded-pfread-close;th03-mainl-decoded-pfread-getc;th03-mainl-decoded-pfread-keyed;th03-mainl-decoded-pfread-len;th03-mainl-decoded-pfread-plain;th03-mainl-decoded-pfread-read;th03-mainl-decoded-pfread-rewind;th03-mainl-decoded-pfread-seek;th03-mainl-decoded-pi-decoder-free;th03-mainl-decoded-pi-decoder-load;th03-mainl-decoded-root;th03-mainl-decoded-root-tail-align-bfnt;th03-mainl-decoded-root-tail-align-bread;th03-mainl-decoded-root-tail-align-bseek;th03-mainl-decoded-root-tail-align-filesize;th03-mainl-decoded-root-tail-align-pfgetc;th03-mainl-decoded-root-tail-align-pfread;th03-mainl-decoded-root-tail-atan-end;th03-mainl-decoded-root-tail-compare-align;th03-mainl-decoded-root-tail-grcg;th03-mainl-decoded-root-tail-joystick;th03-mainl-decoded-root-tail-keyclear;th03-mainl-decoded-root-tail-pfgetc-zero;th03-mainl-decoded-root-tail-rand;th03-mainl-decoded-root-tail-resident;th03-mainl-decoded-root-tail-root-zero-font;th03-mainl-decoded-root-tail-sound-text;th03-mainl-decoded-screen-clear;th03-mainl-decoded-screen-copy;th03-mainl-decoded-screen-mode;th03-mainl-decoded-snow-cluster;th03-mainl-decoded-stack-memory;th03-mainl-decoded-staff-dissolve;th03-mainl-decoded-staff-double;th03-mainl-decoded-staff-ending;th03-mainl-decoded-staff-entrance;th03-mainl-decoded-staff-gallery;th03-mainl-decoded-staff-hold;th03-mainl-decoded-staff-leave;th03-mainl-decoded-staff-music;th03-mainl-decoded-staff-normal;th03-mainl-decoded-staff-staff;th03-mainl-decoded-staff-unput;th03-mainl-decoded-staff-verdict;th03-mainl-decoded-super-library;th03-mainl-decoded-vsync-library,ev-th03-mainl-buffer-cached-producers;ev-th03-mainl-buffer-cached-raw;ev-th03-mainl-buffer-complete-analysis;ev-th03-mainl-buffer-controls;ev-th03-mainl-buffer-cpu-contracts;ev-th03-mainl-decoded-staff-ending-boundary-review;ev-th03-mainl-decoded-staff-music-boundary-review;ev-th03-mainl-draw-cold-producers;ev-th03-mainl-draw-cold-raw;ev-th03-mainl-draw-complete-analysis;ev-th03-mainl-draw-controls;ev-th03-mainl-draw-cpu-contracts;ev-th03-mainl-draw-stored-db-check;ev-th03-mainl-file-cached-producers;ev-th03-mainl-file-cached-raw;ev-th03-mainl-file-complete-analysis;ev-th03-mainl-file-controls;ev-th03-mainl-file-cpu-contracts;ev-th03-mainl-gaiji-cold-producers;ev-th03-mainl-gaiji-cold-raw;ev-th03-mainl-gaiji-complete-analysis;ev-th03-mainl-gaiji-controls;ev-th03-mainl-gaiji-cpu-contracts;ev-th03-mainl-gaiji-stored-db-check;ev-th03-mainl-graphics-cold-producers;ev-th03-mainl-graphics-cold-raw;ev-th03-mainl-graphics-complete-analysis;ev-th03-mainl-graphics-controls;ev-th03-mainl-graphics-cpu-contracts;ev-th03-mainl-graphics-stored-db-check;ev-th03-mainl-heap-cached-producers;ev-th03-mainl-heap-cached-raw;ev-th03-mainl-heap-complete-analysis;ev-th03-mainl-heap-controls;ev-th03-mainl-heap-cpu-contracts;ev-th03-mainl-palette-cached-producers;ev-th03-mainl-palette-cached-raw;ev-th03-mainl-palette-complete-analysis;ev-th03-mainl-palette-controls;ev-th03-mainl-palette-cpu-contracts;ev-th03-mainl-pfint21-cached-producers;ev-th03-mainl-pfint21-cached-raw;ev-th03-mainl-pfint21-complete-analysis;ev-th03-mainl-pfint21-controls;ev-th03-mainl-pfint21-cpu-contracts;ev-th03-mainl-pfopen-cached-producers;ev-th03-mainl-pfopen-cached-raw;ev-th03-mainl-pfopen-complete-analysis;ev-th03-mainl-pfopen-controls;ev-th03-mainl-pfopen-cpu-contracts;ev-th03-mainl-pfread-cached-producers;ev-th03-mainl-pfread-cached-raw;ev-th03-mainl-pfread-complete-analysis;ev-th03-mainl-pfread-controls;ev-th03-mainl-pfread-cpu-contracts;ev-th03-mainl-pi-decoder-cold-producers;ev-th03-mainl-pi-decoder-cold-raw;ev-th03-mainl-pi-decoder-complete-analysis;ev-th03-mainl-pi-decoder-controls;ev-th03-mainl-pi-decoder-cpu-contracts;ev-th03-mainl-pi-decoder-stored-db-check;ev-th03-mainl-root-cached-providers;ev-th03-mainl-root-complete-analysis;ev-th03-mainl-root-cpu-interface-model;ev-th03-mainl-root-five-body-cached-raw;ev-th03-mainl-root-original-relocation-failure;ev-th03-mainl-root-raw-failure;ev-th03-mainl-root-tail-cold-producers;ev-th03-mainl-root-tail-cold-raw;ev-th03-mainl-root-tail-complete-analysis;ev-th03-mainl-root-tail-controls;ev-th03-mainl-root-tail-cpu-contracts;ev-th03-mainl-root-tail-stored-db-check;ev-th03-mainl-screen-cold-producers;ev-th03-mainl-screen-cold-raw;ev-th03-mainl-screen-complete-analysis;ev-th03-mainl-screen-controls;ev-th03-mainl-screen-cpu-contracts;ev-th03-mainl-screen-stored-db-check;ev-th03-mainl-smem-cached-producers;ev-th03-mainl-smem-cached-raw;ev-th03-mainl-smem-complete-analysis;ev-th03-mainl-smem-controls;ev-th03-mainl-smem-cpu-contracts;ev-th03-mainl-staff-cached-code-raw;ev-th03-mainl-staff-cached-source-omf;ev-th03-mainl-staff-complete-code-analysis;ev-th03-mainl-staff-constructed-runtime;ev-th03-mainl-staff-generated-relocation-order;ev-th03-mainl-super-cached-producers;ev-th03-mainl-super-cached-raw;ev-th03-mainl-super-complete-analysis;ev-th03-mainl-super-controls;ev-th03-mainl-super-cpu-contracts;ev-th03-mainl-vsync-cached-producers;ev-th03-mainl-vsync-cached-raw;ev-th03-mainl-vsync-complete-analysis;ev-th03-mainl-vsync-controls;ev-th03-mainl-vsync-cpu-contracts;ev-th03-snow-cached-provider-omf;ev-th03-snow-clear-raw-failure;ev-th03-snow-complete-cluster-analysis;ev-th03-snow-cpu-clock-music-contracts;ev-th03-snow-original-relocation-failure;ev-th03-snow-resource-table-diagnostics;ev-th03-snow-unowned-dgroup-raw-failure;ev-th03-staff-transitions-cached-providers;ev-th03-staff-transitions-complete-analysis;ev-th03-staff-transitions-cpu-model;ev-th03-staff-transitions-eight-body-cached-raw;ev-th03-staff-transitions-native-raw-failure;ev-th03-staff-transitions-original-relocation-failure;ev-th03-staff-transitions-pattern-data,ev-th03-mainl-root-original-relocation-failure;ev-th03-mainl-root-raw-failure;ev-th03-mainl-staff-generated-relocation-order;ev-th03-snow-clear-raw-failure;ev-th03-snow-original-relocation-failure;ev-th03-snow-unowned-dgroup-raw-failure;ev-th03-staff-transitions-native-raw-failure;ev-th03-staff-transitions-original-relocation-failure,17119,17119,0,false,false,false,false,.analysis/sol-mainl-linked-tail-review-20261006.json,"Candidate diagnostics only. Whole-file review, headers, DATA/BSS, dependency ownership, physical devices, canonical storage and the complete Oracle set remain open."
