artifact,path,state,source,owner_ids,evidence_ids,notes
th03-main,th03/vector.cpp,accepted-code-extents,src/main/math/vector_far.asm,th03-main-vector-far,ev-th03-main-vector-far-boundary,"Only the maintained MAIN CODE extents are locally accepted. Other products, transitive declarations, data, scaffold assembly and whole-product ownership require separate review."
th03-main,th03/math/vector.cpp,accepted-code-extents,src/main/math/vector_far.asm,th03-main-vector-far,ev-th03-main-vector-far-boundary,"Only the maintained MAIN CODE extents are locally accepted. Other products, transitive declarations, data, scaffold assembly and whole-product ownership require separate review."
th03-main,th03/exit.cpp,accepted-code-extents,src/main/core/exit.cpp,th03-main-exit,ev-th03-main-exit-boundary,"Only the maintained MAIN CODE extents are locally accepted. Other products, transitive declarations, data, scaffold assembly and whole-product ownership require separate review."
th03-main,th02/core/exit.cpp,accepted-code-extents,src/main/core/exit.cpp,th03-main-exit,ev-th03-main-exit-boundary,"Only the maintained MAIN CODE extents are locally accepted. Other products, transitive declarations, data, scaffold assembly and whole-product ownership require separate review."
th03-main,th03/polar.cpp,accepted-code-extents,src/main/math/polar.cpp,th03-main-polar,ev-th03-main-polar-boundary,"Only the maintained MAIN CODE extents are locally accepted. Other products, transitive declarations, data, scaffold assembly and whole-product ownership require separate review."
th03-main,th03/math/polar.cpp,accepted-code-extents,src/main/math/polar.cpp,th03-main-polar,ev-th03-main-polar-boundary,"Only the maintained MAIN CODE extents are locally accepted. Other products, transitive declarations, data, scaffold assembly and whole-product ownership require separate review."
th03-main,th02/frmdely1.cpp,accepted-code-extents,src/main/hardware/frame_delay.cpp,th03-main-frame-delay,ev-th03-main-frame-delay-boundary,"Only the maintained MAIN CODE extents are locally accepted. Other products, transitive declarations, data, scaffold assembly and whole-product ownership require separate review."
th03-main,th02/hardware/frmdely1.cpp,accepted-code-extents,src/main/hardware/frame_delay.cpp,th03-main-frame-delay,ev-th03-main-frame-delay-boundary,"Only the maintained MAIN CODE extents are locally accepted. Other products, transitive declarations, data, scaffold assembly and whole-product ownership require separate review."
th03-main,th03/input_s.cpp,accepted-code-extents,src/main/hardware/input_sense.cpp,th03-main-input-sense,ev-th03-main-input-sense-boundary,"Only the maintained MAIN CODE extents are locally accepted. Other products, transitive declarations, data, scaffold assembly and whole-product ownership require separate review."
th03-main,th03/hardware/input_s.cpp,accepted-code-extents,src/main/hardware/input_sense.cpp,th03-main-input-sense,ev-th03-main-input-sense-boundary,"Only the maintained MAIN CODE extents are locally accepted. Other products, transitive declarations, data, scaffold assembly and whole-product ownership require separate review."
th03-main,th03/snd_se.cpp,accepted-code-extents,src/main/sound/se.cpp,th03-main-snd-se,ev-th03-main-snd-se-boundary,"Only the maintained MAIN CODE extents are locally accepted. Other products, transitive declarations, data, scaffold assembly and whole-product ownership require separate review."
th03-main,th02/snd/se.cpp,accepted-code-extents,src/main/sound/se.cpp,th03-main-snd-se,ev-th03-main-snd-se-boundary,"Only the maintained MAIN CODE extents are locally accepted. Other products, transitive declarations, data, scaffold assembly and whole-product ownership require separate review."
th03-main,th03/snd_kaja.cpp,accepted-code-extents,src/main/sound/kaja.cpp,th03-main-snd-kaja,ev-th03-main-snd-kaja-boundary,"Only the maintained MAIN CODE extents are locally accepted. Other products, transitive declarations, data, scaffold assembly and whole-product ownership require separate review."
th03-main,th02/snd/kajaint.cpp,accepted-code-extents,src/main/sound/kaja.cpp,th03-main-snd-kaja,ev-th03-main-snd-kaja-boundary,"Only the maintained MAIN CODE extents are locally accepted. Other products, transitive declarations, data, scaffold assembly and whole-product ownership require separate review."
th03-main,th03/initmain.cpp,accepted-code-extents,src/main/core/initmain.cpp,th03-main-initmain,ev-th03-main-initmain-boundary,"Only the maintained MAIN CODE extents are locally accepted. Other products, transitive declarations, data, scaffold assembly and whole-product ownership require separate review."
th03-main,th03/core/initmain.cpp,accepted-code-extents,src/main/core/initmain.cpp,th03-main-initmain,ev-th03-main-initmain-boundary,"Only the maintained MAIN CODE extents are locally accepted. Other products, transitive declarations, data, scaffold assembly and whole-product ownership require separate review."
th03-main,th03/pi_load.cpp,accepted-code-extents,src/main/formats/pi_load.cpp,th03-main-pi-load,ev-th03-main-pi-load-boundary,"Only the maintained MAIN CODE extents are locally accepted. Other products, transitive declarations, data, scaffold assembly and whole-product ownership require separate review."
th03-main,th02/formats/pi_load.cpp,accepted-code-extents,src/main/formats/pi_load.cpp,th03-main-pi-load,ev-th03-main-pi-load-boundary,"Only the maintained MAIN CODE extents are locally accepted. Other products, transitive declarations, data, scaffold assembly and whole-product ownership require separate review."
th03-main,th03/inp_m_w.cpp,accepted-code-extents,src/main/hardware/input_modes.cpp,th03-main-input-modes,ev-th03-main-input-modes-boundary,"Only the maintained MAIN CODE extents are locally accepted. Other products, transitive declarations, data, scaffold assembly and whole-product ownership require separate review."
th03-main,th03/e_expl.cpp,accepted-code-extents,src/main/enemy/expl.cpp,th03-main-explosion-collision,ev-th03-main-explosion-collision-boundary,"Only the maintained MAIN CODE extents are locally accepted. Other products, transitive declarations, data, scaffold assembly and whole-product ownership require separate review."
th03-main,th03/main/enemy/expl.cpp,accepted-code-extents,src/main/enemy/expl.cpp,th03-main-explosion-collision,ev-th03-main-explosion-collision-boundary,"Only the maintained MAIN CODE extents are locally accepted. Other products, transitive declarations, data, scaffold assembly and whole-product ownership require separate review."
th03-main,th03/e_fireb.cpp,accepted-code-extents,src/main/enemy/fireball.cpp,th03-main-fireballs,ev-th03-main-fireballs-boundary,"Only the maintained MAIN CODE extents are locally accepted. Other products, transitive declarations, data, scaffold assembly and whole-product ownership require separate review."
th03-main,th03/main/enemy/fireball.cpp,accepted-code-extents,src/main/enemy/fireball.cpp,th03-main-fireballs,ev-th03-main-fireballs-boundary,"Only the maintained MAIN CODE extents are locally accepted. Other products, transitive declarations, data, scaffold assembly and whole-product ownership require separate review."
th03-main,th03/bullet.cpp,accepted-code-extents,src/main/bullet/bullet.cpp,th03-main-bullets,ev-th03-main-bullets-pellet-put-boundary;ev-th03-main-bullets-text-boundary,"Only the maintained MAIN CODE extents are locally accepted. Other products, transitive declarations, data, scaffold assembly and whole-product ownership require separate review."
th03-main,th03/main/bullet/bullet.cpp,accepted-code-extents,src/main/bullet/bullet.cpp,th03-main-bullets,ev-th03-main-bullets-pellet-put-boundary;ev-th03-main-bullets-text-boundary,"Only the maintained MAIN CODE extents are locally accepted. Other products, transitive declarations, data, scaffold assembly and whole-product ownership require separate review."
th03-main,th03/e_enemy.cpp,boundary-reviewed,src/main/enemy/enemy.cpp,th03-main-enemies,ev-th03-main-enemies-formations-boundary;ev-th03-main-enemies-update-boundary;ev-th03-main-enemies-render-boundary,"Complete 19-function / 3325-byte CODE owner migrated as structural candidate. Raw bytes match, but ENEMY_2_TEXT ordered relocation gate fails; no exact credit. External declarations/data and runtime claims remain separate."
th03-main,th03/main/enemy/enemy.cpp,boundary-reviewed,src/main/enemy/enemy.cpp,th03-main-enemies,ev-th03-main-enemies-formations-boundary;ev-th03-main-enemies-update-boundary;ev-th03-main-enemies-render-boundary,"Complete 19-function / 3325-byte CODE owner migrated as structural candidate. Raw bytes match, but ENEMY_2_TEXT ordered relocation gate fails; no exact credit. External declarations/data and runtime claims remain separate."
th03-main,th03/hitbox.cpp,accepted-code-extents,src/main/collision/hitbox.cpp,th03-main-hitbox,ev-th03-main-hitbox-boundary,"Complete MAIN CODE owner locally accepted by full cold replay. Other artifacts, external declarations/data, resources and whole-product ownership remain separate and open."
th03-main,th03/main/hitbox.cpp,accepted-code-extents,src/main/collision/hitbox.cpp,th03-main-hitbox,ev-th03-main-hitbox-boundary,"Complete MAIN CODE owner locally accepted by full cold replay. Other artifacts, external declarations/data, resources and whole-product ownership remain separate and open."
th03-main,th03/p_combo.cpp,accepted-code-extents,src/main/player/combo.cpp,th03-main-combo,ev-th03-main-combo-main-boundary;ev-th03-main-combo-wrapper-boundary;ev-th03-main-combo-fireball-boundary;ev-th03-main-combo-boss-boundary,"Complete MAIN CODE owner locally accepted by full cold replay. Other artifacts, external declarations/data, resources and whole-product ownership remain separate and open."
th03-main,th03/main/player/combo.cpp,accepted-code-extents,src/main/player/combo.cpp,th03-main-combo,ev-th03-main-combo-main-boundary;ev-th03-main-combo-wrapper-boundary;ev-th03-main-combo-fireball-boundary;ev-th03-main-combo-boss-boundary,"Complete MAIN CODE owner locally accepted by full cold replay. Other artifacts, external declarations/data, resources and whole-product ownership remain separate and open."
th03-main,th03/p_gauge.cpp,accepted-code-extents,src/main/player/gauge.cpp,th03-main-gauge,ev-th03-main-gauge-boundary,"Complete MAIN CODE owner locally accepted by full cold replay. Other artifacts, external declarations/data, resources and whole-product ownership remain separate and open."
th03-main,th03/main/player/gauge.cpp,accepted-code-extents,src/main/player/gauge.cpp,th03-main-gauge,ev-th03-main-gauge-boundary,"Complete MAIN CODE owner locally accepted by full cold replay. Other artifacts, external declarations/data, resources and whole-product ownership remain separate and open."
th03-main,th03/player_m.cpp,accepted-code-extents,src/main/player/move.cpp,th03-main-player-move,ev-th03-main-player-move-boundary,"Complete MAIN CODE owner locally accepted by full cold replay. Other artifacts, external declarations/data, resources and whole-product ownership remain separate and open."
th03-main,th03/main/player/move.cpp,accepted-code-extents,src/main/player/move.cpp,th03-main-player-move,ev-th03-main-player-move-boundary,"Complete MAIN CODE owner locally accepted by full cold replay. Other artifacts, external declarations/data, resources and whole-product ownership remain separate and open."
th03-main,th03/p_shot.cpp,accepted-code-extents,src/main/player/shot.cpp,th03-main-shots,ev-th03-main-shots-boundary,"Complete MAIN CODE owner locally accepted by full cold replay. Other artifacts, external declarations/data, resources and whole-product ownership remain separate and open."
th03-main,th03/main/player/shot.cpp,accepted-code-extents,src/main/player/shot.cpp,th03-main-shots,ev-th03-main-shots-boundary,"Complete MAIN CODE owner locally accepted by full cold replay. Other artifacts, external declarations/data, resources and whole-product ownership remain separate and open."
th03-main,th03/main_010.cpp,accepted-code-extents,src/main/player/stuff.cpp,th03-main-player-state,ev-th03-main-player-state-boundary,"Complete MAIN CODE owner locally accepted by full cold replay. Other artifacts, external declarations/data, resources and whole-product ownership remain separate and open."
th03-main,th03/main/player/stuff.cpp,accepted-code-extents,src/main/player/stuff.cpp,th03-main-player-state,ev-th03-main-player-state-boundary,"Complete MAIN CODE owner locally accepted by full cold replay. Other artifacts, external declarations/data, resources and whole-product ownership remain separate and open."
th03-main,th03/cfg_lres.cpp,accepted-code-extents,src/main/formats/cfg_lres.cpp,th03-main-cfg-resident,ev-th03-main-cfg-resident-boundary,"Complete MAIN CODE owner locally accepted by full cold replay. Other artifacts, external declarations/data, resources and whole-product ownership remain separate and open."
th03-main,th03/formats/cfg_lres.cpp,accepted-code-extents,src/main/formats/cfg_lres.cpp,th03-main-cfg-resident,ev-th03-main-cfg-resident-boundary,"Complete MAIN CODE owner locally accepted by full cold replay. Other artifacts, external declarations/data, resources and whole-product ownership remain separate and open."
th03-main,th03/p_exatt.cpp,accepted-code-extents,src/main/player/exatt.cpp,th03-main-extra-attack,ev-th03-main-extra-attack-boundary,"Complete MAIN CODE owner locally accepted by full cold replay. Other artifacts, external declarations/data, resources and whole-product ownership remain separate and open."
th03-main,th03/main/player/exatt.cpp,accepted-code-extents,src/main/player/exatt.cpp,th03-main-extra-attack,ev-th03-main-extra-attack-boundary,"Complete MAIN CODE owner locally accepted by full cold replay. Other artifacts, external declarations/data, resources and whole-product ownership remain separate and open."
th03-main,th03/hitcirc.cpp,accepted-code-extents,src/main/collision/hitcircle.cpp,th03-main-hitcircles,ev-th03-main-hitcircles-boundary,"Complete MAIN CODE owner locally accepted by full cold replay. Other artifacts, external declarations/data, resources and whole-product ownership remain separate and open."
th03-main,th03/main/hitcirc.cpp,accepted-code-extents,src/main/collision/hitcircle.cpp,th03-main-hitcircles,ev-th03-main-hitcircles-boundary,"Complete MAIN CODE owner locally accepted by full cold replay. Other artifacts, external declarations/data, resources and whole-product ownership remain separate and open."
th03-main,th03/hud_stat.cpp,accepted-code-extents,src/main/hud/static.cpp,th03-main-static-hud,ev-th03-main-static-hud-boundary,"Complete MAIN CODE owner locally accepted by full cold replay. Other artifacts, external declarations/data, resources and whole-product ownership remain separate and open."
th03-main,th03/main/hud/static.cpp,accepted-code-extents,src/main/hud/static.cpp,th03-main-static-hud,ev-th03-main-static-hud-boundary,"Complete MAIN CODE owner locally accepted by full cold replay. Other artifacts, external declarations/data, resources and whole-product ownership remain separate and open."
th03-main,th03/playfld.cpp,accepted-code-extents,src/main/playfield/playfld.asm,th03-main-playfield,ev-th03-main-playfield-boundary,"Complete MAIN CODE owner locally accepted by full cold replay. Other artifacts, external declarations/data, resources and whole-product ownership remain separate and open."
th03-main,th03/main/playfld.cpp,accepted-code-extents,src/main/playfield/playfld.asm,th03-main-playfield,ev-th03-main-playfield-boundary,"Complete MAIN CODE owner locally accepted by full cold replay. Other artifacts, external declarations/data, resources and whole-product ownership remain separate and open."
th03-main,th03/sprite16.cpp,accepted-code-extents,src/main/graphics/sprite16.asm,th03-main-sprite16,ev-th03-main-sprite16-boundary,"Complete MAIN CODE owner locally accepted by full cold replay. Other artifacts, external declarations/data, resources and whole-product ownership remain separate and open."
th03-main,th03/main/sprite16.cpp,accepted-code-extents,src/main/graphics/sprite16.asm,th03-main-sprite16,ev-th03-main-sprite16-boundary,"Complete MAIN CODE owner locally accepted by full cold replay. Other artifacts, external declarations/data, resources and whole-product ownership remain separate and open."
th03-main,th03/mrs.cpp,accepted-code-extents,src/main/formats/mrs.asm,th03-main-mrs,ev-th03-main-mrs-boundary,"Complete MAIN CODE owner locally accepted by full cold replay. Other artifacts, external declarations/data, resources and whole-product ownership remain separate and open."
th03-main,th03/formats/mrs.cpp,accepted-code-extents,src/main/formats/mrs.asm,th03-main-mrs,ev-th03-main-mrs-boundary,"Complete MAIN CODE owner locally accepted by full cold replay. Other artifacts, external declarations/data, resources and whole-product ownership remain separate and open."
th03-main,th01/vplanset.cpp,accepted-code-extents,src/main/hardware/vram_planes.cpp,th03-main-vram-planes,ev-th03-main-vram-planes-boundary,"Complete MAIN CODE owner locally accepted by full cold replay. Other artifacts, external declarations/data, resources and whole-product ownership remain separate and open."
th03-main,th01/hardware/vplanset.cpp,accepted-code-extents,src/main/hardware/vram_planes.cpp,th03-main-vram-planes,ev-th03-main-vram-planes-boundary,"Complete MAIN CODE owner locally accepted by full cold replay. Other artifacts, external declarations/data, resources and whole-product ownership remain separate and open."
th03-main,th02/snd_mode.c,accepted-code-extents,src/main/sound/mode.asm,th03-main-sound-mode,ev-th03-main-sound-mode-boundary,"Complete MAIN CODE owner locally accepted by full cold replay. Other artifacts, external declarations/data, resources and whole-product ownership remain separate and open."
th03-main,th02/snd/detmode.c,accepted-code-extents,src/main/sound/mode.asm,th03-main-sound-mode,ev-th03-main-sound-mode-boundary,"Complete MAIN CODE owner locally accepted by full cold replay. Other artifacts, external declarations/data, resources and whole-product ownership remain separate and open."
th03-main,th02/snd_pmdr.c,accepted-code-extents,src/main/sound/pmd.asm,th03-main-pmd-resident,ev-th03-main-pmd-resident-boundary,"Complete MAIN CODE owner locally accepted by full cold replay. Other artifacts, external declarations/data, resources and whole-product ownership remain separate and open."
th03-main,th02/snd/pmd_res.c,accepted-code-extents,src/main/sound/pmd.asm,th03-main-pmd-resident,ev-th03-main-pmd-resident-boundary,"Complete MAIN CODE owner locally accepted by full cold replay. Other artifacts, external declarations/data, resources and whole-product ownership remain separate and open."
th03-main,th02/snd_se_r.cpp,accepted-code-extents,src/main/sound/reset.asm,th03-main-se-reset,ev-th03-main-se-reset-boundary,"Complete MAIN CODE owner locally accepted by full cold replay. Other artifacts, external declarations/data, resources and whole-product ownership remain separate and open."
th03-main,th02/snd/se_reset.cpp,accepted-code-extents,src/main/sound/reset.asm,th03-main-se-reset,ev-th03-main-se-reset-boundary,"Complete MAIN CODE owner locally accepted by full cold replay. Other artifacts, external declarations/data, resources and whole-product ownership remain separate and open."
th03-main,th03/hfliplut.asm,accepted-code-extents,src/main/formats/hfliplut.asm,th03-main-hflip-lut,ev-th03-main-hflip-lut-boundary,"Complete MAIN CODE owner locally accepted by full cold replay. Other artifacts, external declarations/data, resources and whole-product ownership remain separate and open."
th03-main,th03/formats/hfliplut.asm,accepted-code-extents,src/main/formats/hfliplut.asm,th03-main-hflip-lut,ev-th03-main-hflip-lut-boundary,"Complete MAIN CODE owner locally accepted by full cold replay. Other artifacts, external declarations/data, resources and whole-product ownership remain separate and open."
th03-main,th03/collmap.asm,accepted-code-extents,src/main/collision/map.asm,th03-main-collision-map,ev-th03-main-collision-map-boundary,"Complete MAIN CODE owner locally accepted by full cold replay. Other artifacts, external declarations/data, resources and whole-product ownership remain separate and open."
th03-main,th03/main/collmap.asm,accepted-code-extents,src/main/collision/map.asm,th03-main-collision-map,ev-th03-main-collision-map-boundary,"Complete MAIN CODE owner locally accepted by full cold replay. Other artifacts, external declarations/data, resources and whole-product ownership remain separate and open."
th03-main,th03/math/randring_fill.asm,accepted-code-extents,src/main/math/randring_fill.inl,th03-main-randring-fill,ev-th03-main-randring-fill-boundary,"Complete bounded MAIN CODE include locally accepted by full cold replay in frozen generated carrier. Surrounding root code, DATA/BSS/resources and other-artifact ownership remain unaccepted."
th03-main,th03/main/collmap_reset.asm,accepted-code-extents,src/main/collision/reset.inl,th03-main-collision-reset,ev-th03-main-collision-reset-boundary,"Complete bounded MAIN CODE include locally accepted by full cold replay in frozen generated carrier. Surrounding root code, DATA/BSS/resources and other-artifact ownership remain unaccepted."
th03-main,th03/main/player/score_add.asm,accepted-code-extents,src/main/player/score_add.inl,th03-main-score-add,ev-th03-main-score-add-boundary,"Complete bounded MAIN CODE include locally accepted by full cold replay in frozen generated carrier. Surrounding root code, DATA/BSS/resources and other-artifact ownership remain unaccepted."
th03-main,th03/hardware/sprite16_copy.asm,accepted-code-extents,src/main/graphics/sprite16_copy.inl,th03-main-sprite16-copy,ev-th03-main-sprite16-copy-boundary,"Complete bounded MAIN CODE include locally accepted by full cold replay in frozen generated carrier. Surrounding root code, DATA/BSS/resources and other-artifact ownership remain unaccepted."
th03-main,th03/formats/pfopen.asm,accepted-code-extents,src/main/formats/pfopen.inl,th03-main-pfopen,ev-th03-main-pfopen-boundary,"Complete bounded MAIN CODE include locally accepted by full cold replay in frozen generated carrier. Surrounding root code, DATA/BSS/resources and other-artifact ownership remain unaccepted."
th03-main,th03/math/randring.inc,accepted-code-extents,src/main/math/randring_getters.inl,th03-main-randring-getters,ev-th03-main-randring-getters-hitcirc-boundary;ev-th03-main-randring-getters-main04-boundary,"All three MAIN macro expansions are locally accepted: 8 functions / 2 complete CODE extents / 192 owned bytes with native EVEN. Other-artifact parsing, external ring/index BSS and generated carrier remain separate unaccepted scope."
