id,artifact,address,file_offset,size,boundary_state,state,name,owner_unit,source,evidence_ids,notes
th03-main-polar,th03-main,0x1ea5d,0x102bd,26,reviewed,exact,polar,th03-main-polar,src/main/math/polar.cpp,ev-th03-main-polar-boundary;ev-th03-main-exact-target;ev-th03-main-exact-format;ev-th03-main-exact-toolchain;ev-th03-main-exact-ledgers;ev-th03-main-polar-toolchain-replay;ev-th03-main-polar-object-format-integrity;ev-th03-main-polar-cold-build-determinism;ev-th03-main-polar-layout-relocations;ev-th03-main-polar-raw-bytes;ev-th03-main-polar-cold-aggregate-replay;ev-th03-main-polar-abi-probe;ev-th03-main-polar-aggregate-public-final,far cdecl; three signed words; caller removes six bytes
th03-main-input-mode-interface,th03-main,0x1ed54,0x105b4,36,reviewed,exact,input_mode_interface,th03-main-input-modes,src/main/hardware/input_modes.cpp,ev-th03-main-input-modes-boundary;ev-th03-main-exact-target;ev-th03-main-exact-format;ev-th03-main-exact-toolchain;ev-th03-main-exact-ledgers;ev-th03-main-input-modes-toolchain-replay;ev-th03-main-input-modes-object-format-integrity;ev-th03-main-input-modes-cold-build-determinism;ev-th03-main-input-modes-layout-relocations;ev-th03-main-input-modes-raw-bytes;ev-th03-main-input-modes-cold-aggregate-replay;ev-th03-main-input-modes-abi-probe;ev-th03-main-input-modes-aggregate-public-final,far Pascal; no arguments
th03-main-input-mode-key-vs-key,th03-main,0x1ed78,0x105d8,10,reviewed,exact,input_mode_key_vs_key,th03-main-input-modes,src/main/hardware/input_modes.cpp,ev-th03-main-input-modes-boundary;ev-th03-main-exact-target;ev-th03-main-exact-format;ev-th03-main-exact-toolchain;ev-th03-main-exact-ledgers;ev-th03-main-input-modes-toolchain-replay;ev-th03-main-input-modes-object-format-integrity;ev-th03-main-input-modes-cold-build-determinism;ev-th03-main-input-modes-layout-relocations;ev-th03-main-input-modes-raw-bytes;ev-th03-main-input-modes-cold-aggregate-replay;ev-th03-main-input-modes-abi-probe;ev-th03-main-input-modes-aggregate-public-final,far Pascal; no arguments
th03-main-input-mode-joy-vs-key,th03-main,0x1ed82,0x105e2,34,reviewed,exact,input_mode_joy_vs_key,th03-main-input-modes,src/main/hardware/input_modes.cpp,ev-th03-main-input-modes-boundary;ev-th03-main-exact-target;ev-th03-main-exact-format;ev-th03-main-exact-toolchain;ev-th03-main-exact-ledgers;ev-th03-main-input-modes-toolchain-replay;ev-th03-main-input-modes-object-format-integrity;ev-th03-main-input-modes-cold-build-determinism;ev-th03-main-input-modes-layout-relocations;ev-th03-main-input-modes-raw-bytes;ev-th03-main-input-modes-cold-aggregate-replay;ev-th03-main-input-modes-abi-probe;ev-th03-main-input-modes-aggregate-public-final,far Pascal; no arguments
th03-main-input-mode-key-vs-joy,th03-main,0x1eda4,0x10604,34,reviewed,exact,input_mode_key_vs_joy,th03-main-input-modes,src/main/hardware/input_modes.cpp,ev-th03-main-input-modes-boundary;ev-th03-main-exact-target;ev-th03-main-exact-format;ev-th03-main-exact-toolchain;ev-th03-main-exact-ledgers;ev-th03-main-input-modes-toolchain-replay;ev-th03-main-input-modes-object-format-integrity;ev-th03-main-input-modes-cold-build-determinism;ev-th03-main-input-modes-layout-relocations;ev-th03-main-input-modes-raw-bytes;ev-th03-main-input-modes-cold-aggregate-replay;ev-th03-main-input-modes-abi-probe;ev-th03-main-input-modes-aggregate-public-final,far Pascal; no arguments
th03-main-input-mode-1p-vs-cpu,th03-main,0x1edc6,0x10626,42,reviewed,exact,input_mode_1p_vs_cpu,th03-main-input-modes,src/main/hardware/input_modes.cpp,ev-th03-main-input-modes-boundary;ev-th03-main-exact-target;ev-th03-main-exact-format;ev-th03-main-exact-toolchain;ev-th03-main-exact-ledgers;ev-th03-main-input-modes-toolchain-replay;ev-th03-main-input-modes-object-format-integrity;ev-th03-main-input-modes-cold-build-determinism;ev-th03-main-input-modes-layout-relocations;ev-th03-main-input-modes-raw-bytes;ev-th03-main-input-modes-cold-aggregate-replay;ev-th03-main-input-modes-abi-probe;ev-th03-main-input-modes-aggregate-public-final,far Pascal; no arguments
th03-main-input-mode-cpu-vs-1p,th03-main,0x1edf0,0x10650,45,reviewed,exact,input_mode_cpu_vs_1p,th03-main-input-modes,src/main/hardware/input_modes.cpp,ev-th03-main-input-modes-boundary;ev-th03-main-exact-target;ev-th03-main-exact-format;ev-th03-main-exact-toolchain;ev-th03-main-exact-ledgers;ev-th03-main-input-modes-toolchain-replay;ev-th03-main-input-modes-object-format-integrity;ev-th03-main-input-modes-cold-build-determinism;ev-th03-main-input-modes-layout-relocations;ev-th03-main-input-modes-raw-bytes;ev-th03-main-input-modes-cold-aggregate-replay;ev-th03-main-input-modes-abi-probe;ev-th03-main-input-modes-aggregate-public-final,far Pascal; no arguments
th03-main-input-mode-cpu-vs-cpu,th03-main,0x1ee1d,0x1067d,42,reviewed,exact,input_mode_cpu_vs_cpu,th03-main-input-modes,src/main/hardware/input_modes.cpp,ev-th03-main-input-modes-boundary;ev-th03-main-exact-target;ev-th03-main-exact-format;ev-th03-main-exact-toolchain;ev-th03-main-exact-ledgers;ev-th03-main-input-modes-toolchain-replay;ev-th03-main-input-modes-object-format-integrity;ev-th03-main-input-modes-cold-build-determinism;ev-th03-main-input-modes-layout-relocations;ev-th03-main-input-modes-raw-bytes;ev-th03-main-input-modes-cold-aggregate-replay;ev-th03-main-input-modes-abi-probe;ev-th03-main-input-modes-aggregate-public-final,far Pascal; no arguments
th03-main-input-mode-attract,th03-main,0x1ee47,0x106a7,48,reviewed,exact,input_mode_attract,th03-main-input-modes,src/main/hardware/input_modes.cpp,ev-th03-main-input-modes-boundary;ev-th03-main-exact-target;ev-th03-main-exact-format;ev-th03-main-exact-toolchain;ev-th03-main-exact-ledgers;ev-th03-main-input-modes-toolchain-replay;ev-th03-main-input-modes-object-format-integrity;ev-th03-main-input-modes-cold-build-determinism;ev-th03-main-input-modes-layout-relocations;ev-th03-main-input-modes-raw-bytes;ev-th03-main-input-modes-cold-aggregate-replay;ev-th03-main-input-modes-abi-probe;ev-th03-main-input-modes-aggregate-public-final,far Pascal; no arguments
th03-main-input-wait-for-change,th03-main,0x1ee77,0x106d7,76,reviewed,exact,input_wait_for_change,th03-main-input-modes,src/main/hardware/input_modes.cpp,ev-th03-main-input-modes-boundary;ev-th03-main-exact-target;ev-th03-main-exact-format;ev-th03-main-exact-toolchain;ev-th03-main-exact-ledgers;ev-th03-main-input-modes-toolchain-replay;ev-th03-main-input-modes-object-format-integrity;ev-th03-main-input-modes-cold-build-determinism;ev-th03-main-input-modes-layout-relocations;ev-th03-main-input-modes-raw-bytes;ev-th03-main-input-modes-cold-aggregate-replay;ev-th03-main-input-modes-abi-probe;ev-th03-main-input-modes-aggregate-public-final,far Pascal; signed word at BP+6; RETF 2
th03-main-frame-delay,th03-main,0x1ea77,0x102d7,21,reviewed,exact,frame_delay,th03-main-frame-delay,src/main/hardware/frame_delay.cpp,ev-th03-main-frame-delay-boundary;ev-th03-main-exact-target;ev-th03-main-exact-format;ev-th03-main-exact-toolchain;ev-th03-main-exact-ledgers;ev-th03-main-frame-delay-toolchain-replay;ev-th03-main-frame-delay-object-format-integrity;ev-th03-main-frame-delay-cold-build-determinism;ev-th03-main-frame-delay-layout-relocations;ev-th03-main-frame-delay-raw-bytes;ev-th03-main-frame-delay-cold-aggregate-replay,far Pascal; signed word at BP+6; unsigned volatile counter comparison; RETF 2
th03-main-input-reset-sense-key-held,th03-main,0x1ea8c,0x102ec,417,reviewed,exact,input_reset_sense_key_held,th03-main-input-sense,src/main/hardware/input_sense.cpp,ev-th03-main-input-sense-boundary;ev-th03-main-exact-target;ev-th03-main-exact-format;ev-th03-main-exact-toolchain;ev-th03-main-exact-ledgers;ev-th03-main-input-sense-toolchain-replay;ev-th03-main-input-sense-object-format-integrity;ev-th03-main-input-sense-cold-build-determinism;ev-th03-main-input-sense-layout-relocations;ev-th03-main-input-sense-raw-bytes;ev-th03-main-input-sense-cold-aggregate-replay,far cdecl; no arguments; body owns SHARED:019C..033C only; target tail NOP at 033D remains unowned
th03-main-snd-se-play,th03-main,0x1ec3a,0x1049a,60,reviewed,exact,snd_se_play,th03-main-snd-se,src/main/sound/se.cpp,ev-th03-main-exact-target;ev-th03-main-exact-format;ev-th03-main-exact-toolchain;ev-th03-main-exact-ledgers;ev-th03-main-snd-se-boundary;ev-th03-main-snd-se-toolchain-replay;ev-th03-main-snd-se-object-format-integrity;ev-th03-main-snd-se-cold-build-determinism;ev-th03-main-snd-se-layout-relocations;ev-th03-main-snd-se-raw-bytes;ev-th03-main-snd-se-cold-aggregate-replay;ev-th03-main-snd-se-aggregate-public-final,far Pascal; signed word at BP+6; low byte selects SE; RETF 2
th03-main-snd-se-update,th03-main,0x1ec76,0x104d6,60,reviewed,exact,snd_se_update,th03-main-snd-se,src/main/sound/se.cpp,ev-th03-main-exact-target;ev-th03-main-exact-format;ev-th03-main-exact-toolchain;ev-th03-main-exact-ledgers;ev-th03-main-snd-se-boundary;ev-th03-main-snd-se-toolchain-replay;ev-th03-main-snd-se-object-format-integrity;ev-th03-main-snd-se-cold-build-determinism;ev-th03-main-snd-se-layout-relocations;ev-th03-main-snd-se-raw-bytes;ev-th03-main-snd-se-cold-aggregate-replay;ev-th03-main-snd-se-aggregate-public-final,far cdecl; no arguments; complete 60-byte body through RETF
th03-main-game-init-main,th03-main,0x1ecd0,0x10530,62,reviewed,exact,game_init_main,th03-main-initmain,src/main/core/initmain.cpp,ev-th03-main-exact-target;ev-th03-main-exact-format;ev-th03-main-exact-toolchain;ev-th03-main-exact-ledgers;ev-th03-main-initmain-boundary;ev-th03-main-initmain-toolchain-replay;ev-th03-main-initmain-object-format-integrity;ev-th03-main-initmain-cold-build-determinism;ev-th03-main-initmain-layout-relocations;ev-th03-main-initmain-raw-bytes;ev-th03-main-initmain-cold-aggregate-replay;ev-th03-main-initmain-aggregate-public-final,"far Pascal; far pointer at BP+6; seven callees; owner relocation sites 9,30,35,40,45,54"
th03-main-pi-load-function,th03-main,0x1ed0e,0x1056e,70,reviewed,exact,pi_load,th03-main-pi-load,src/main/formats/pi_load.cpp,ev-th03-main-exact-target;ev-th03-main-exact-format;ev-th03-main-exact-toolchain;ev-th03-main-exact-ledgers;ev-th03-main-pi-load-boundary;ev-th03-main-pi-load-toolchain-replay;ev-th03-main-pi-load-object-format-integrity;ev-th03-main-pi-load-cold-build-determinism;ev-th03-main-pi-load-layout-relocations;ev-th03-main-pi-load-raw-bytes;ev-th03-main-pi-load-cold-aggregate-replay;ev-th03-main-pi-load-aggregate-public-final,"far Pascal; filename far pointer at BP+6; slot word at BP+A; two master.lib callees; owner relocation sites 31,60"
th03-main-snd-kaja-interrupt,th03-main,0x1ecb2,0x10512,30,reviewed,exact,snd_kaja_interrupt,th03-main-snd-kaja,src/main/sound/kaja.cpp,ev-th03-main-exact-target;ev-th03-main-exact-format;ev-th03-main-exact-toolchain;ev-th03-main-exact-ledgers;ev-th03-main-snd-kaja-boundary;ev-th03-main-snd-kaja-toolchain-replay;ev-th03-main-snd-kaja-object-format-integrity;ev-th03-main-snd-kaja-cold-build-determinism;ev-th03-main-snd-kaja-layout-relocations;ev-th03-main-snd-kaja-raw-bytes;ev-th03-main-snd-kaja-cold-aggregate-replay;ev-th03-main-snd-kaja-aggregate-public-final,far Pascal; signed word at BP+6; two direct callers; no owner relocation sites; RETF 2
th03-main-vector2,th03-main,0x1e97a,0x101da,69,reviewed,exact,vector2,th03-main-vector-far,src/main/math/vector_far.asm,ev-th03-main-exact-target;ev-th03-main-exact-format;ev-th03-main-exact-toolchain;ev-th03-main-exact-ledgers;ev-th03-main-vector-far-boundary;ev-th03-main-vector-far-toolchain-replay;ev-th03-main-vector-far-object-format-integrity;ev-th03-main-vector-far-cold-build-determinism;ev-th03-main-vector-far-layout-relocations;ev-th03-main-vector-far-raw-bytes;ev-th03-main-vector-far-cold-aggregate-replay;ev-th03-main-vector-far-aggregate-public-final,"far Pascal; 15 direct callers, no callees; complete 69-byte body through RETF 0x0C"
th03-main-vector2-between-plus,th03-main,0x1e9c0,0x10220,90,reviewed,exact,vector2_between_plus,th03-main-vector-far,src/main/math/vector_far.asm,ev-th03-main-exact-target;ev-th03-main-exact-format;ev-th03-main-exact-toolchain;ev-th03-main-exact-ledgers;ev-th03-main-vector-far-boundary;ev-th03-main-vector-far-toolchain-replay;ev-th03-main-vector-far-object-format-integrity;ev-th03-main-vector-far-cold-build-determinism;ev-th03-main-vector-far-layout-relocations;ev-th03-main-vector-far-raw-bytes;ev-th03-main-vector-far-cold-aggregate-replay;ev-th03-main-vector-far-aggregate-public-final,"far Pascal; 4 direct callers, one IATAN2 callee; complete 90-byte body through RETF 0x14; function-relative relocation site 24"
th03-main-game-exit,th03-main,0x1ea1a,0x1027a,67,reviewed,exact,game_exit,th03-main-exit,src/main/core/exit.cpp,ev-th03-main-exact-target;ev-th03-main-exact-format;ev-th03-main-exact-toolchain;ev-th03-main-exact-ledgers;ev-th03-main-exit-boundary;ev-th03-main-exit-toolchain-replay;ev-th03-main-exit-object-format-integrity;ev-th03-main-exit-cold-build-determinism;ev-th03-main-exit-layout-relocations;ev-th03-main-exit-raw-bytes;ev-th03-main-exit-cold-aggregate-replay;ev-th03-main-exit-aggregate-public-final,"far cdecl; one direct caller, seven unique direct callees / eight far call sites; complete 67-byte body through RETF"
