id,artifact,segment_identity,segment_offset,analysis_linear,payload_offset,body_size,body_span,boundary_state,origin,work_queue,accepted_state,name,map_public,map_module,map_segment,source_form,source_ref,observation,tasm_proc,tasm_distance,tasm_listing_line,ghidra_contiguous,ghidra_range_count,caller_count,callee_count,evidence_basis,notes
th03-main-polar,th03-main,SHARED,0x16d,0x1ea5d,0xea5d,26,26,reviewed,authored,reconstruct,exact,polar,polar,th03/polar.cpp,SHARED,natural-cpp,src/main/math/polar.cpp,attested target instructions and full contiguous function body,,,,true,1,24,,ev-th03-main-polar-boundary,far cdecl; three signed words; caller removes six bytes
th03-main-input-mode-interface,th03-main,SHARED,0x464,0x1ed54,0xed54,36,36,reviewed,authored,reconstruct,exact,input_mode_interface,input_mode_interface,th03/inp_m_w.cpp,SHARED,natural-cpp,src/main/hardware/input_modes.cpp,attested target instructions and full contiguous function body,,,,true,1,1,,ev-th03-main-input-modes-boundary,far Pascal; no arguments
th03-main-input-mode-key-vs-key,th03-main,SHARED,0x488,0x1ed78,0xed78,10,10,reviewed,authored,reconstruct,exact,input_mode_key_vs_key,input_mode_key_vs_key,th03/inp_m_w.cpp,SHARED,natural-cpp,src/main/hardware/input_modes.cpp,attested target instructions and full contiguous function body,,,,true,1,0,,ev-th03-main-input-modes-boundary,far Pascal; no arguments
th03-main-input-mode-joy-vs-key,th03-main,SHARED,0x492,0x1ed82,0xed82,34,34,reviewed,authored,reconstruct,exact,input_mode_joy_vs_key,input_mode_joy_vs_key,th03/inp_m_w.cpp,SHARED,natural-cpp,src/main/hardware/input_modes.cpp,attested target instructions and full contiguous function body,,,,true,1,0,,ev-th03-main-input-modes-boundary,far Pascal; no arguments
th03-main-input-mode-key-vs-joy,th03-main,SHARED,0x4b4,0x1eda4,0xeda4,34,34,reviewed,authored,reconstruct,exact,input_mode_key_vs_joy,input_mode_key_vs_joy,th03/inp_m_w.cpp,SHARED,natural-cpp,src/main/hardware/input_modes.cpp,attested target instructions and full contiguous function body,,,,true,1,0,,ev-th03-main-input-modes-boundary,far Pascal; no arguments
th03-main-input-mode-1p-vs-cpu,th03-main,SHARED,0x4d6,0x1edc6,0xedc6,42,42,reviewed,authored,reconstruct,exact,input_mode_1p_vs_cpu,input_mode_1p_vs_cpu,th03/inp_m_w.cpp,SHARED,natural-cpp,src/main/hardware/input_modes.cpp,attested target instructions and full contiguous function body,,,,true,1,0,,ev-th03-main-input-modes-boundary,far Pascal; no arguments
th03-main-input-mode-cpu-vs-1p,th03-main,SHARED,0x500,0x1edf0,0xedf0,45,45,reviewed,authored,reconstruct,exact,input_mode_cpu_vs_1p,input_mode_cpu_vs_1p,th03/inp_m_w.cpp,SHARED,natural-cpp,src/main/hardware/input_modes.cpp,attested target instructions and full contiguous function body,,,,true,1,0,,ev-th03-main-input-modes-boundary,far Pascal; no arguments
th03-main-input-mode-cpu-vs-cpu,th03-main,SHARED,0x52d,0x1ee1d,0xee1d,42,42,reviewed,authored,reconstruct,exact,input_mode_cpu_vs_cpu,input_mode_cpu_vs_cpu,th03/inp_m_w.cpp,SHARED,natural-cpp,src/main/hardware/input_modes.cpp,attested target instructions and full contiguous function body,,,,true,1,0,,ev-th03-main-input-modes-boundary,far Pascal; no arguments
th03-main-input-mode-attract,th03-main,SHARED,0x557,0x1ee47,0xee47,48,48,reviewed,authored,reconstruct,exact,input_mode_attract,input_mode_attract,th03/inp_m_w.cpp,SHARED,natural-cpp,src/main/hardware/input_modes.cpp,attested target instructions and full contiguous function body,,,,true,1,0,,ev-th03-main-input-modes-boundary,far Pascal; no arguments
th03-main-input-wait-for-change,th03-main,SHARED,0x587,0x1ee77,0xee77,76,76,reviewed,authored,reconstruct,exact,input_wait_for_change,input_wait_for_change,th03/inp_m_w.cpp,SHARED,natural-cpp,src/main/hardware/input_modes.cpp,attested target instructions and full contiguous function body,,,,true,1,0,,ev-th03-main-input-modes-boundary,far Pascal; signed word at BP+6; RETF 2
th03-main-frame-delay,th03-main,SHARED,0x187,0x1ea77,0xea77,21,21,reviewed,authored,reconstruct,exact,frame_delay,frame_delay,th02/frmdely1.cpp,SHARED,natural-cpp,src/main/hardware/frame_delay.cpp,attested target instructions and full contiguous function body,,,,true,1,3,0,ev-th03-main-frame-delay-boundary,far Pascal; signed word at BP+6; unsigned volatile vsync_Count1 comparison; RETF 2
th03-main-input-reset-sense-key-held,th03-main,SHARED,0x19c,0x1ea8c,0xea8c,417,417,reviewed,authored,reconstruct,exact,input_reset_sense_key_held,input_reset_sense_key_held,th03/input_s.cpp,SHARED,natural-cpp,src/main/hardware/input_sense.cpp,attested target instructions and full contiguous function body,,,,true,1,10,0,ev-th03-main-input-sense-boundary,far cdecl; no arguments; no stack frame; RETF at SHARED:033C; trailing target NOP at 033D is outside the accepted function owner
th03-main-snd-se-play,th03-main,SHARED,0x34a,0x1ec3a,0xec3a,60,60,reviewed,authored,reconstruct,exact,snd_se_play,SND_SE_PLAY,th03/snd_se.cpp,SHARED,natural-cpp,src/main/sound/se.cpp,attested target instructions and full contiguous function body,,,,true,1,55,0,ev-th03-main-snd-se-boundary,far Pascal; signed word at BP+6; low byte selects SE; RETF 2
th03-main-snd-se-update,th03-main,SHARED,0x386,0x1ec76,0xec76,60,60,reviewed,authored,reconstruct,exact,snd_se_update,_snd_se_update,th03/snd_se.cpp,SHARED,natural-cpp,src/main/sound/se.cpp,attested target instructions and full contiguous function body,,,,true,1,3,0,ev-th03-main-snd-se-boundary,far cdecl; no arguments; PMD INT 60h only when snd_se_frame is zero
th03-main-game-init-main,th03-main,SHARED,0x3e0,0x1ecd0,0xecd0,62,62,reviewed,authored,reconstruct,exact,game_init_main,game_init_main(const unsigned char far*),th03/initmain.cpp,SHARED,natural-cpp,src/main/core/initmain.cpp,attested target instructions and full contiguous function body,,,,true,1,1,7,ev-th03-main-initmain-boundary,far Pascal; far pointer at BP+6; RETF 4; six far-call segment relocation sites inside body
th03-main-pi-load-function,th03-main,SHARED,0x41e,0x1ed0e,0xed0e,70,70,reviewed,authored,reconstruct,exact,pi_load,"pi_load(int,const char far*)",th03/pi_load.cpp,SHARED,natural-cpp,src/main/formats/pi_load.cpp,attested target instructions and full contiguous function body,,,,true,1,0,2,ev-th03-main-pi-load-boundary,far Pascal; filename far pointer at BP+6; slot word at BP+A; RETF 6; slot scales PiHeader by 0x48; two far-call segment relocation sites
th03-main-snd-kaja-interrupt,th03-main,SHARED,0x3c2,0x1ecb2,0xecb2,30,30,reviewed,authored,reconstruct,exact,snd_kaja_interrupt,SND_KAJA_INTERRUPT,th03/snd_kaja.cpp,SHARED,natural-cpp,src/main/sound/kaja.cpp,attested target instructions and full contiguous function body,,,,true,1,2,0,ev-th03-main-snd-kaja-boundary,far Pascal; signed word at BP+6; RETF 2; snd_active early return; INT 60h/61h selected by snd_midi_active
th03-main-vector2,th03-main,SHARED,0x8a,0x1e97a,0xe97a,69,69,reviewed,authored,reconstruct,exact,vector2,VECTOR2,th03/vectorfar.asm,SHARED,symbolic-tasm,src/main/math/vector_far.asm,attested target instructions and complete contiguous function body,VECTOR2,far,,true,1,15,0,ev-th03-main-vector-far-boundary,"far Pascal; signed length at BP+6, byte angle at BP+8, ret_y far ref at BP+A, ret_x far ref at BP+E; RETF 0x0C"
th03-main-vector2-between-plus,th03-main,SHARED,0xd0,0x1e9c0,0xe9c0,90,90,reviewed,authored,reconstruct,exact,vector2_between_plus,VECTOR2_BETWEEN_PLUS,th03/vectorfar.asm,SHARED,symbolic-tasm,src/main/math/vector_far.asm,attested target instructions and complete contiguous function body,VECTOR2_BETWEEN_PLUS,far,,true,1,4,1,ev-th03-main-vector-far-boundary,"far Pascal; computes iatan2(y2-y1,x2-x1)+plus_angle; RETF 0x14; sole owner MZ segment relocation is IATAN2 CALLF at owner-relative site 94"
